Job ID,Job URL,Job Title,Company Name,Status,Timestamp,WP ID
bf6f72ca845ab4ec,https://ro.linkedin.com/jobs/view/chief-client-experience-officer-at-jobgether-4434305548,Chief Client Experience Officer,,scraped,2026-07-07T01:14:06.453309,
5254003b980901e5,https://ro.linkedin.com/jobs/view/customer-experience-market-lead-at-mercedes-benz-romania-4435541442,Customer Experience Market Lead,Mercedes-Benz Romania,posted,2026-07-07T01:15:03.774304,18
0f92a035d6d46aab,https://ro.linkedin.com/jobs/view/premium-spirits-marketing-manager-at-coca-cola-hbc-4435531259,Premium Spirits Marketing Manager,,scraped,2026-07-07T01:15:06.491409,
ee7070eb5f4820be,https://ro.linkedin.com/jobs/view/junior-key-account-manager-europe-at-anastasia-beverly-hills-4436167023,Junior Key Account Manager - Europe,,scraped,2026-07-07T01:15:13.111628,
8d151a23d25c3e22,https://ro.linkedin.com/jobs/view/remote-customer-service-manager-at-huzzle-com-4436338746,Remote Customer Service Manager,,scraped,2026-07-07T01:15:20.686036,
e7590fa1cdc6ed6f,https://ro.linkedin.com/jobs/view/freelance-graphic-designer-at-mindrift-4436720049,Freelance Graphic Designer,,scraped,2026-07-07T01:16:31.831797,
3edd18de7e69188f,https://ro.linkedin.com/jobs/view/chief-financial-officer-at-farmaciile-dona-4437196715,Chief Financial Officer,Farmaciile DONA,posted,2026-07-07T01:20:19.779898,20
1a404dbccb53a677,https://ro.linkedin.com/jobs/view/product-manager-remote-at-huzzle-com-4435599766,Product Manager - Remote,,scraped,2026-07-07T01:20:22.567687,
1a7f5eb4b4533e0b,https://ro.linkedin.com/jobs/view/electrician-at-mpac-group-4434308808,Electrician,,scraped,2026-07-07T01:21:33.472610,
03b0ba48ad5a700c,https://ro.linkedin.com/jobs/view/head-of-transformation-cx-operations-at-jobgether-4434603651,"Head of Transformation, CX & Operations",,scraped,2026-07-07T01:22:44.186795,
26916eda5c188f00,https://ro.linkedin.com/jobs/view/merchandiser-at-red-bull-4436337982,Merchandiser,,scraped,2026-07-07T01:22:51.054498,
0ab7fc2a3afebc6e,https://ro.linkedin.com/jobs/view/%E9%A3%9E%E6%9C%BA%E5%B8%82%E5%9C%BA%E9%94%80%E5%94%AE%E7%BB%8F%E7%90%86-at-wanfeng-auto-holding-group-co-ltd-4435057189,飞机市场销售经理,Wanfeng Auto Holding Group Co. Ltd,failed|wp_post_failed,2026-07-07T01:23:04.606339,
d71ed2cf0e7f32de,https://ro.linkedin.com/jobs/view/home-2-school-driver-at-blenheim-schools-4434382442,HOME-2-SCHOOL DRIVER,,scraped,2026-07-07T01:23:07.230114,
02439a0973cc1b6a,https://ro.linkedin.com/jobs/view/brand-and-content-strategist-at-jobgether-4435770279,Brand and Content Strategist,,scraped,2026-07-07T01:23:15.578032,
b0bf3a18c1548181,https://ro.linkedin.com/jobs/view/hr-specialist-at-jobgether-4436214639,HR Specialist,,scraped,2026-07-07T01:24:25.729874,
4a80617deefc5a81,https://ro.linkedin.com/jobs/view/english-speaking-game-presenter-at-the-lemon-consulting-4434602318,English speaking Game Presenter,The Lemon Consulting,posted,2026-07-07T01:27:16.939819,22
2fe21f1464f827e3,https://ro.linkedin.com/jobs/view/%E6%96%B0%E3%83%97%E3%83%AD%E3%83%80%E3%82%AF%E3%83%88%E3%82%AB%E3%82%B9%E3%82%BF%E3%83%9E%E3%83%BC%E3%82%B5%E3%82%AF%E3%82%BB%E3%82%B9-at-dinii-inc-4435299022,新プロダクトカスタマーサクセス,,scraped,2026-07-07T01:27:19.660304,
09673285a17f8cb2,https://ro.linkedin.com/jobs/view/asistent-call-center-at-e-infra-4437183887,Asistent Call Center,,scraped,2026-07-07T01:28:30.618178,
652c202ad4fd187a,https://ro.linkedin.com/jobs/view/%E5%AE%A2%E6%88%B7%E7%BB%8F%E7%90%86-at-wanfeng-auto-holding-group-co-ltd-4435058211,客户经理,Wanfeng Auto Holding Group Co. Ltd,failed|wp_post_failed,2026-07-07T01:29:49.877702,
61dad297d3965655,https://ro.linkedin.com/jobs/view/marketing-manager-at-centrele-medicale-emerald-4428944930,Marketing Manager,,scraped,2026-07-07T01:29:52.602236,
3d2b73a146dbb5bf,https://ro.linkedin.com/jobs/view/maintenance-coordinator-at-oc-prod-4435529948,Maintenance Coordinator,,scraped,2026-07-07T01:30:00.684890,
8b4adf5c9e804582,https://ro.linkedin.com/jobs/view/automation-specialist-at-eastmen-experts-without-borders-4435809546,Automation Specialist,,scraped,2026-07-07T01:30:08.414621,
53333589cd4c4724,https://ro.linkedin.com/jobs/view/payroll-administration-specialist-at-la-lorraine-bakery-group-4435414581,Payroll Administration Specialist,,scraped,2026-07-07T01:30:17.735591,
64864563edcd4709,https://ro.linkedin.com/jobs/view/infra-project-quantity-surveyor-at-alstom-4428939756,Infra Project Quantity Surveyor,,scraped,2026-07-07T01:31:29.507926,
bf1e0b82d546836d,https://ro.linkedin.com/jobs/view/payroll-analyst-at-verifone-4435808296,Payroll Analyst,,scraped,2026-07-07T01:31:37.196105,
10401c871e0bfac1,https://ro.linkedin.com/jobs/view/international-trade-specialist-at-veo-worldwide-services-4437148373,International Trade Specialist,,scraped,2026-07-07T01:31:51.687593,
4af20b8d84e35ccf,https://ro.linkedin.com/jobs/view/project-buyer-m-f-d-at-valeo-4437420576,Project Buyer(M/F/D),,scraped,2026-07-07T01:31:58.968897,
2b9d124a0f7f27be,https://ro.linkedin.com/jobs/view/field-operations-professionals-at-slb-4406750553,Field Operations Professionals,,scraped,2026-07-07T01:32:06.124893,
289054c23042cc5e,https://ro.linkedin.com/jobs/view/stivuitorist-at-kronospan-4437413048,Stivuitorist,,scraped,2026-07-07T01:32:23.892838,
2c9e8ba73ea0d510,https://ro.linkedin.com/jobs/view/payroll-partner-at-samsung-electronics-romania-4432358910,Payroll Partner,,scraped,2026-07-07T01:32:31.634129,
7203cc516451d70b,https://ro.linkedin.com/jobs/view/english-speaking-game-presenters-bucharest-office-at-the-lemon-consulting-4434392547,"English speaking Game Presenters, Bucharest Office",The Lemon Consulting,posted,2026-07-07T01:33:54.226134,24
f75fbe08929939c1,https://ro.linkedin.com/jobs/view/it-helpdesk-engineer-at-rompetrol-kmg-international-4436093757,IT Helpdesk Engineer,Rompetrol (KMG International),posted,2026-07-07T01:34:06.451188,26
86635c5337b91947,https://ro.linkedin.com/jobs/view/head-of-risk-fraud-at-jobgether-4435792032,Head of Risk & Fraud,,scraped,2026-07-07T01:34:09.102896,
0a9ccfb408ac9369,https://ro.linkedin.com/jobs/view/junior-backend-engineer-f-m-x-at-deutsche-bank-4435839717,Junior Backend Engineer (f/m/x),,scraped,2026-07-07T01:34:15.590716,
b4ac5b626a4206b6,https://ro.linkedin.com/jobs/view/ai-trainer-freelance-data-annotator-at-toloka-annotators-4437189313,AI Trainer - Freelance Data Annotator,,scraped,2026-07-07T01:34:22.886297,
3324446ccaffc20f,https://ro.linkedin.com/jobs/view/director-forma-industry-strategy-at-jobgether-4435048760,"Director, Forma Industry Strategy",,scraped,2026-07-07T01:34:39.214260,
88593d7619c2d93f,https://ro.linkedin.com/jobs/view/customer-support-specialist-freelance-ai-trainer-at-mindrift-4436303416,Customer Support Specialist - Freelance AI Trainer,,scraped,2026-07-07T01:34:45.825135,
cfd5bb29733e03f7,https://ro.linkedin.com/jobs/view/excel-expert-remote-at-yo-it-consulting-4435008841,Excel Expert - Remote,,scraped,2026-07-07T01:35:00.724493,
2900adbcfa3f0f9d,https://ro.linkedin.com/jobs/view/senior-manager-technical-program-management-at-jobgether-4435442020,Senior Manager - Technical Program Management,,scraped,2026-07-07T01:35:07.388331,
0b496aeb1b757194,https://ro.linkedin.com/jobs/view/portfolio-manager-freelance-ai-trainer-at-mindrift-4432345754,Portfolio Manager - Freelance AI Trainer,,scraped,2026-07-07T01:35:13.714620,
0f2d4de23630b32a,https://ro.linkedin.com/jobs/view/frontend-developer-react-at-codekeeper-4435135124,Frontend Developer (React),,scraped,2026-07-07T01:35:21.636397,
09a1a6d87b4cff16,https://ro.linkedin.com/jobs/view/taboola-media-buyer-pet-brand-ecommerce-at-mrfluffyfriend-global-4435845502,Taboola Media Buyer | Pet Brand | Ecommerce,,scraped,2026-07-07T01:35:44.383263,
c5e22f1abeb558b2,https://ro.linkedin.com/jobs/view/clinical-provider-romania-at-intellect-4436498895,Clinical Provider (Romania),,scraped,2026-07-07T01:35:58.136745,
ab2ad58a1e1a13be,https://ro.linkedin.com/jobs/view/group-collections-payments-manager-at-klass-wagen-4434319336,Group Collections & Payments Manager,,scraped,2026-07-07T01:36:05.514400,
0ea802e6ad75e43a,https://ro.linkedin.com/jobs/view/critical-logistics-services-agent-coordonator-transport-at-expeditors-4433103219,Critical Logistics Services Agent - Coordonator transport,,scraped,2026-07-07T01:36:16.339238,
8469348b8ab055aa,https://ro.linkedin.com/jobs/view/specialist-petroleum-engineer-at-omv-petrom-4429557364,Specialist Petroleum Engineer,,scraped,2026-07-07T01:37:26.921795,
cbe013ecfdd7b266,https://ro.linkedin.com/jobs/view/internship-assistant-product-marketing-at-worldline-4425476674,Internship Assistant Product Marketing,Worldline,posted,2026-07-07T01:37:45.882437,28
5fbcec1a8af6f606,https://ro.linkedin.com/jobs/view/remote-romanian-translator-ecommerce-marketing-agency-at-hustler-marketing-4436358826,Remote Romanian Translator - eCommerce Marketing Agency,,scraped,2026-07-07T01:37:48.528790,
c1592c60fffd991f,https://ro.linkedin.com/jobs/view/purchasing-manager-at-undelucram-ro-4436025274,Purchasing Manager,Undelucram.ro,posted,2026-07-07T01:38:07.141534,30
505795d5cff7c220,https://ro.linkedin.com/jobs/view/english-speaking-game-presenter-for-bucharest-office-at-the-lemon-consulting-4434603267,English speaking Game Presenter for Bucharest office,The Lemon Consulting,posted,2026-07-07T01:38:33.353282,32
c930e11d97dbd0f3,https://ro.linkedin.com/jobs/view/print-operator-at-daisler-print-house%C2%AE-4433936357,Print Operator,,scraped,2026-07-07T01:38:36.098302,
791316e9f17c1bbc,https://ro.linkedin.com/jobs/view/value-analysis-value-engineering-va-ve-controller-m-f-d-at-mahle-4436766887,Value Analysis / Value Engineering (VA/VE) Controller (m/f/d),,scraped,2026-07-07T01:38:47.366728,
a467b93b1268bf93,https://ro.linkedin.com/jobs/view/professional-early-collections-with-flemish-and-english-%E2%80%93-bucharest-on-site-at-concentrix-4432783155,"Professional Early Collections with Flemish and English – Bucharest, on site",,scraped,2026-07-07T01:38:55.165688,
c66ce1d22a2e1600,https://ro.linkedin.com/jobs/view/product-manager-%E2%80%93-adhesives-at-brico-depot-romania-part-of-altex-4437407223,Product Manager – Adhesives,Brico Depot Romania (part of Altex),posted,2026-07-07T01:39:54.060719,34
99f7e1f88ef15b9d,https://ro.linkedin.com/jobs/view/coordonator-opera%C8%9Bional-4432393843,Coordonator Operațional,Sc Internovum Grup Srl,posted,2026-07-07T01:40:02.312679,36
5e46152bf61c8ce2,https://ro.linkedin.com/jobs/view/management-traineeship-timisoara-at-mainfreight-europe-4262157222,Management Traineeship Timisoara,,scraped,2026-07-07T01:40:05.126205,
f95e589d4555e71a,https://ro.linkedin.com/jobs/view/inspector-ssm-at-e-infra-4437462072,Inspector SSM,,scraped,2026-07-07T01:40:11.689154,
187280e377d7cc90,https://ro.linkedin.com/jobs/view/local-category-specialist-at-ursus-breweries-4435035929,LOCAL CATEGORY SPECIALIST,,scraped,2026-07-07T01:40:19.873704,
46861fc2f3693022,https://ro.linkedin.com/jobs/view/test-technician-ii-at-benchmark-4437164954,Test Technician II,,scraped,2026-07-07T01:40:31.502271,
48dbdd55e00bfc4a,https://ro.linkedin.com/jobs/view/ehs-specialist-at-siemens-energy-4416590862,EHS Specialist,Siemens Energy,posted,2026-07-07T01:41:16.552489,38
e25782497c3f0ee2,https://ro.linkedin.com/jobs/view/specialist-customer-service-export-at-omv-petrom-4433078909,Specialist Customer Service Export,,scraped,2026-07-07T01:41:19.339187,
0f2bed0fc6d16c36,https://ro.linkedin.com/jobs/view/sat%C4%B1nalma-asistan%C4%B1-at-akkim-europe-srl-4433703637,Satınalma Asistanı,,scraped,2026-07-07T01:41:26.028458,
54395181833f632e,https://ro.linkedin.com/jobs/view/product-analyst-muslima-at-jobgether-4435422843,Product Analyst (Muslima),,scraped,2026-07-07T01:41:34.040259,
cd78bc143a73e57b,https://ro.linkedin.com/jobs/view/finance-business-partner-%E2%80%93-operations-at-tuborg-romania-4437151301,Finance Business Partner – Operations,,scraped,2026-07-07T01:41:40.972969,
4a29cc0fb21806db,https://ro.linkedin.com/jobs/view/member-of-the-board-of-advisors-at-westfield-fc-4436067522,Member of the Board of Advisors,,scraped,2026-07-07T01:41:49.435455,
754b1a3994f48d28,https://ro.linkedin.com/jobs/view/content-editor-at-userpilot-4434662460,Content Editor,,scraped,2026-07-07T01:41:56.785708,
03229514c89ed6ca,https://ro.linkedin.com/jobs/view/mid-senior-customer-service-representative-with-english-at-capgemini-4435829813,Mid-Senior Customer Service Representative with English,,scraped,2026-07-07T01:42:23.715939,
ea0c0f9ae37d189e,https://ro.linkedin.com/jobs/view/neuroscience-qa-lead-remote-at-yo-it-consulting-4435027258,Neuroscience QA Lead - Remote,,scraped,2026-07-07T01:42:30.455102,
12098b4d986650fe,https://ro.linkedin.com/jobs/view/%E8%B4%A8%E9%87%8F%E4%BD%93%E7%B3%BB%E5%B7%A5%E7%A8%8B%E5%B8%88-at-wanfeng-auto-holding-group-co-ltd-4435055329,质量体系工程师,Wanfeng Auto Holding Group Co. Ltd,failed|wp_post_failed,2026-07-07T01:42:44.676272,
7fc7730abe3a3440,https://ro.linkedin.com/jobs/view/cto-at-jobgether-4436078908,CTO,,scraped,2026-07-07T01:42:47.465488,
86442267529066e0,https://ro.linkedin.com/jobs/view/mid-senior-customer-service-representative-with-english-at-undelucram-ro-4435025110,Mid-Senior Customer Service Representative with English,Undelucram.ro,posted,2026-07-07T01:43:05.845887,40
a5c42bd9dc36fb15,https://ro.linkedin.com/jobs/view/front-office-assistant-at-exl-4432773896,Front Office Assistant,,scraped,2026-07-07T01:43:08.460384,
dc3418f1a6e6542c,https://ro.linkedin.com/jobs/view/expert-insights-analytics-at-omv-petrom-4426362790,Expert Insights & Analytics,,scraped,2026-07-07T01:43:17.364609,
cccbabe60e75962d,https://ro.linkedin.com/jobs/view/project-manager-endorsement-at-hahaha-production-4433967209,Project Manager Endorsement,,scraped,2026-07-07T01:43:23.896882,
f048833d552188f4,https://ro.linkedin.com/jobs/view/ai-analyst-%E2%80%94-data-science-delivery-at-undelucram-ro-4436029072,AI Analyst — Data Science Delivery,Undelucram.ro,posted,2026-07-07T01:43:43.537109,42
e7a3a8108e7cb1ff,https://ro.linkedin.com/jobs/view/project-manager-at-ascendion-4437158374,Project Manager,,scraped,2026-07-07T01:43:46.184117,
ba8638da84aac55a,https://ro.linkedin.com/jobs/view/domestic-tourism-manager-at-paralela45-turism-s-a-4437428449,Domestic Tourism Manager,,scraped,2026-07-07T01:44:07.924484,
43ede521778c8d12,https://ro.linkedin.com/jobs/view/game-presenter-turkish-speakers-at-grow-tech-com-4435409099,Game Presenter (Turkish Speakers),Grow-tech.com,posted,2026-07-07T01:45:10.740871,44
ad12d92bda6b8958,https://ro.linkedin.com/jobs/view/customer-care-representative-with-english-at-iron-mountain-4434616831,Customer Care Representative with English,Iron Mountain,posted,2026-07-07T01:45:29.265941,46
66c7777ccfc78f0a,https://ro.linkedin.com/jobs/view/specialist-electrical-engineering-at-omv-petrom-4429237996,Specialist Electrical Engineering,,scraped,2026-07-07T01:45:32.038369,
129908ed1be0b3ca,https://ro.linkedin.com/jobs/view/mep-site-manager-%E2%80%93-residential-projects-at-forte-partners-4432368227,MEP Site Manager – Residential Projects,,scraped,2026-07-07T01:45:39.929906,
cfca613d9df56be9,https://ro.linkedin.com/jobs/view/store-manager-at-pink-woman-intrafashion-group-sa-4433195004,Store Manager,Pink Woman - Intrafashion Group SA,posted,2026-07-07T01:45:55.845680,48
b684fa7c7b756c2d,https://ro.linkedin.com/jobs/view/english-speaking-game-presenter-for-bucharest-office-at-the-lemon-consulting-4434394509,English speaking Game Presenter for Bucharest office,The Lemon Consulting,posted,2026-07-07T01:46:12.225841,32
0bf2d97ea9ef336c,https://ro.linkedin.com/jobs/view/team-manager-customer-service-representative-at-undelucram-ro-4434389351,Team Manager Customer Service Representative,Undelucram.ro,posted,2026-07-07T01:46:25.388565,50
4d96bce6e5db3216,https://ro.linkedin.com/jobs/view/contracts-analyst-procurement-contracts-at-oracle-4436191394,"Contracts Analyst, Procurement Contracts",Oracle,posted,2026-07-07T01:46:35.550375,52
774d30aff4c15dee,https://ro.linkedin.com/jobs/view/business-development-executive-at-orange-4423647529,Business Development Executive,Orange,posted,2026-07-07T01:46:46.425660,54
14f295e72647448f,https://ro.linkedin.com/jobs/view/contabil-junior-at-hipo-ro-4436396298,Contabil Junior,,scraped,2026-07-07T01:46:49.032447,
152938d5d86e730d,https://ro.linkedin.com/jobs/view/internship-hr-administrativ-at-testbed-the-smart-lab-aveiro-4433725879,Internship HR Administrativ,,scraped,2026-07-07T01:46:58.067664,
d93c21a9b5b6e2af,https://ro.linkedin.com/jobs/view/beauty-sales-representative-b2b-bucuresti-at-undelucram-ro-4435027084,Beauty Sales Representative B2B - (Bucuresti),Undelucram.ro,posted,2026-07-07T01:47:15.562774,56
9d809f8b1c266c61,https://ro.linkedin.com/jobs/view/data-scientist-at-kaidon-ai-4434968585,Data Scientist,,scraped,2026-07-07T01:47:18.256225,
057839ce2e291137,https://ro.linkedin.com/jobs/view/data-modeller-at-deutsche-bank-4435509993,Data Modeller,,scraped,2026-07-07T01:47:24.712349,
b896534283072f17,https://ro.linkedin.com/jobs/view/digital-business-analyst-ecommerce-crm-at-hipo-ro-4436398211,Digital Business Analyst (eCommerce & CRM),,scraped,2026-07-07T01:47:31.448037,
831839f93fb0a5d3,https://ro.linkedin.com/jobs/view/entrepreneur-experience-associate-at-endeavor-4435206696,Entrepreneur Experience Associate,,scraped,2026-07-07T01:47:41.870218,
cfec8a24a40aa643,https://ro.linkedin.com/jobs/view/english-speaking-game-presenter-for-bucharest-office-at-the-lemon-consulting-4434395536,English speaking Game Presenter for Bucharest office,The Lemon Consulting,posted,2026-07-07T01:48:35.579373,32
8c5cd911998a804b,https://ro.linkedin.com/jobs/view/receptionist-at-pwc-romania-4435257207,Receptionist,,scraped,2026-07-07T01:48:38.435330,
d9c0b3542d2f86a0,https://ro.linkedin.com/jobs/view/partnerships-lead-at-fyst-4435817132,Partnerships Lead,,scraped,2026-07-07T01:48:55.336701,
222c57ccc63dacd3,https://ro.linkedin.com/jobs/view/executive-director-at-antal-international-4435466914,Executive Director,,scraped,2026-07-07T01:49:02.611839,
a6df7e75d42c866b,https://ro.linkedin.com/jobs/view/people-specialist-rewards-at-revolut-4436223279,People Specialist (Rewards),,scraped,2026-07-07T01:49:09.252256,
4f4b16a3a6842d76,https://ro.linkedin.com/jobs/view/abogado-a-junior-%E2%80%93-departamento-de-contrataci%C3%B3n-%C3%A1rea-legal-at-babel-4437128269,Abogado/a Junior – Departamento de Contratación (Área Legal),,scraped,2026-07-07T01:49:16.028107,
9369946c3790f95a,https://ro.linkedin.com/jobs/view/business-development-manager-at-ngen-4432372309,Business Development Manager,,scraped,2026-07-07T01:49:24.299712,
81d100b04a4ff8ab,https://ro.linkedin.com/jobs/view/romania-operator-assistant-ii-frac-acid-at-halliburton-4435479134,Romania - Operator Assistant II-Frac Acid,,scraped,2026-07-07T01:49:31.351764,
864f1bcd54fe2e73,https://ro.linkedin.com/jobs/view/operational-procurement-specialist-it-focus-at-compugroup-medical-se-co-kgaa-4436209373,Operational Procurement Specialist - IT Focus,,scraped,2026-07-07T01:49:38.439150,
fdd8c0a23fba79ce,https://ro.linkedin.com/jobs/view/merchandiser-tobacco-bucuresti-at-interbrands-orbico-4432368787,Merchandiser - Tobacco - Bucuresti,,scraped,2026-07-07T01:49:46.680337,
1cb09da876e3955b,https://ro.linkedin.com/jobs/view/senior-benefits-specialist-at-arrise-4416586849,Senior Benefits Specialist,,scraped,2026-07-07T01:49:55.097698,
3e70404fdb3b72e1,https://ro.linkedin.com/jobs/view/economist-costuri-gestiune-4433116283,Economist costuri gestiune,INTEGRA NEW SRL,posted,2026-07-07T01:50:08.873233,58
1f136b0ded23f138,https://ro.linkedin.com/jobs/view/operator-depozit-at-epta-group-4427501437,Operator Depozit,,scraped,2026-07-07T01:50:11.745822,
d0d212f4546e0e1d,https://ro.linkedin.com/jobs/view/montator-subansamble-process-line-at-airbus-4423168876,Montator subansamble - Process Line,Airbus,posted,2026-07-07T01:50:30.237220,60
0715321ad51e931c,https://ro.linkedin.com/jobs/view/ai-validator-at-undelucram-ro-4435010571,AI Validator,Undelucram.ro,posted,2026-07-07T01:50:43.144533,62
afc450604393dfe7,https://ro.linkedin.com/jobs/view/contract-manager-at-hipo-ro-4437444634,Contract Manager,,scraped,2026-07-07T01:50:45.937169,
9a9273c1f6513d7b,https://ro.linkedin.com/jobs/view/maintenance-operator-at-alstom-4428948712,Maintenance Operator,,scraped,2026-07-07T01:50:54.762748,
92cb6f07e7f53d03,https://ro.linkedin.com/jobs/view/trade-activation-executive-based-in-arad-at-philip-morris-international-4436458762,Trade Activation Executive (based in Arad),,scraped,2026-07-07T01:51:02.015416,
60b7e7642a837580,https://ro.linkedin.com/jobs/view/operational-buyer-f-m-d-at-axpo-group-4418180261,Operational Buyer (f/m/d),,scraped,2026-07-07T01:51:09.012642,
21bf32a18fb5a6fe,https://ro.linkedin.com/jobs/view/lucrator-comercial-at-mega-image-ahold-delhaize-group-4428835237,Lucrator Comercial,,scraped,2026-07-07T01:51:17.719299,
812047eb968f8c14,https://ro.linkedin.com/jobs/view/sofer-distributie-medicamente-chitila-at-farmaciile-dona-4430881908,Sofer distributie medicamente Chitila,Farmaciile DONA,posted,2026-07-07T01:51:47.505515,64
7db7e5885e710b3e,https://ro.linkedin.com/jobs/view/workday-extend-developer-at-kainos-4343707333,Workday Extend Developer,,scraped,2026-07-07T01:51:50.227938,
e6f855661e5b101b,https://ro.linkedin.com/jobs/view/exchange-admin-at-pwc-romania-4426938902,Exchange Admin,,scraped,2026-07-07T01:51:57.266625,
0b3098ed75892a7d,https://ro.linkedin.com/jobs/view/kfc-zalau-cauta-manager-de-tura-%23pebune%21-at-undelucram-ro-4435717340,KFC Zalau cauta manager de tura #pebune!,Undelucram.ro,posted,2026-07-07T01:52:22.891823,66
53c40a4bd1af49cd,https://ro.linkedin.com/jobs/view/international-trade-specialist-at-veo-worldwide-services-4381445561,International Trade Specialist,,scraped,2026-07-07T01:52:25.589490,
b615704b62b2a140,https://ro.linkedin.com/jobs/view/specialist-geology-at-omv-petrom-4429567093,Specialist Geology,,scraped,2026-07-07T01:52:32.973766,
ccb4951a7cf10e08,https://ro.linkedin.com/jobs/view/security-lead-team-plateform-at-taktile-4436796268,Security Lead - Team Plateform,,scraped,2026-07-07T01:52:39.881576,
76e7a80189abc8dc,https://ro.linkedin.com/jobs/view/sap-co-consultant-at-oesl-automotive-4386869083,SAP CO Consultant,,scraped,2026-07-07T01:52:56.897393,
a14aee4df9c50719,https://ro.linkedin.com/jobs/view/tax-specialist-f-m-at-lidl-rom%C3%A2nia-4435035696,Tax Specialist (f/m),,scraped,2026-07-07T01:53:21.961016,
01f2c192b965f1ae,https://ro.linkedin.com/jobs/view/lead-planner-primavera-at-industrial-montaj-4432386356,Lead Planner Primavera,INDUSTRIAL MONTAJ,posted,2026-07-07T01:53:39.531347,68
70fad53b6ae377be,https://ro.linkedin.com/jobs/view/administrative-clerk-m-f-d-at-gruber-logistics-project-gmbh-4437126875,Administrative clerk (m/f/d),,scraped,2026-07-07T01:53:42.516764,
1dfa86c373dd0fe8,https://ro.linkedin.com/jobs/view/crm-automation-specialist-at-monefy-4437119321,CRM Automation Specialist,,scraped,2026-07-07T01:53:51.864823,
d5174bb4424af112,https://ro.linkedin.com/jobs/view/intellectual-property-docketing-specialist-f-m-d-at-dennemeyer-4376556166,Intellectual Property Docketing Specialist (f/m/d),,scraped,2026-07-07T01:53:59.591587,
da6b449270510a3a,https://ro.linkedin.com/jobs/view/responsabil-stocuri-at-engie-romania-4432377634,Responsabil stocuri,,scraped,2026-07-07T01:54:06.522157,
6cc3c9a4bc34509b,https://ro.linkedin.com/jobs/view/director-tehnic-at-santierul-naval-mangalia-s-a-4432755248,Director Tehnic,,scraped,2026-07-07T01:54:14.969049,
74353f5c544e9291,https://ro.linkedin.com/jobs/view/project-operations-permit-manager-at-yilnak-4433107254,Project Operations & Permit Manager,,scraped,2026-07-07T01:54:22.113138,
45c30098cc5b5f92,https://ro.linkedin.com/jobs/view/relationship-manager-sme-oradea-cluj-napoca-targu-mures-bucuresti-at-patria-bank-4436329841,Relationship Manager SME ORADEA/CLUJ NAPOCA/TARGU MURES/BUCURESTI,,scraped,2026-07-07T01:54:29.567337,
a14ff5cedd909240,https://ro.linkedin.com/jobs/view/bim-coordinator-at-arcadis-4432787575,BIM Coordinator,,scraped,2026-07-07T01:54:38.384432,
6ef432af96f4de70,https://ro.linkedin.com/jobs/view/professional-early-collections-with-italian-and-english-%E2%80%93-bucharest-on-site-at-concentrix-4434643222,"Professional Early Collections with Italian and English – Bucharest, on site",,scraped,2026-07-07T01:54:45.330025,
7c3dea252ff62577,https://ro.linkedin.com/jobs/view/component-engineer-at-eaton-4426349162,Component Engineer,Eaton,posted,2026-07-07T01:55:49.563801,70
42b9650b1722fd46,https://ro.linkedin.com/jobs/view/supply-chain-cost-analyst-12-months-contract-at-scatec-asa-4417763478,Supply chain cost analyst ( 12 months contract ),,scraped,2026-07-07T01:55:52.415057,
7a048b4eb1e13e1d,https://ro.linkedin.com/jobs/view/farmacist-deva-at-help-net-farma-4437150639,Farmacist Deva,Help Net Farma,posted,2026-07-07T01:56:12.448798,72
93acce41c403556c,https://ro.linkedin.com/jobs/view/sculer-matriter-injectie-molding-at-te-connectivity-4437425604,Sculer Matriter - Injectie Molding,TE Connectivity,posted,2026-07-07T01:56:25.299835,74
7397af56a7c90262,https://ro.linkedin.com/jobs/view/pharmacist-at-help-net-farma-4437154254,Pharmacist,Help Net Farma,posted,2026-07-07T01:56:38.355882,76
f4eaafa58c7445bb,https://ro.linkedin.com/jobs/view/senior-hr-business-partner-at-vodafone-4431944550,Senior HR Business Partner,,scraped,2026-07-07T01:56:41.224665,
a80c833016fa3631,https://ro.linkedin.com/jobs/view/senior-product-owner-at-n-ix-4435213004,Senior Product Owner,,scraped,2026-07-07T01:56:48.106278,
5cc84e07d24ca73a,https://ro.linkedin.com/jobs/view/senior-data-scientist-at-jobgether-4435418270,Senior Data Scientist,,scraped,2026-07-07T01:56:54.854908,
af815a14e0b81d53,https://ro.linkedin.com/jobs/view/product-development-manager-at-compania-na%C8%9Bional%C4%83-po%C8%99ta-rom%C3%A2n%C4%83-4433792341,Product Development Manager,,scraped,2026-07-07T01:57:01.346843,
39441de63910a247,https://ro.linkedin.com/jobs/view/territory-sales-coordinator-bucuresti-ilfov-at-jde-peet-s-4435436551,Territory Sales Coordinator Bucuresti - Ilfov,,scraped,2026-07-07T01:57:09.155066,
240c43aaa1442d38,https://ro.linkedin.com/jobs/view/senior-product-owner-at-n-ix-4434326580,Senior Product Owner,,scraped,2026-07-07T01:57:16.903332,
4b44298f89683717,https://ro.linkedin.com/jobs/view/key-account-representative-calarasi-giurgiu-si-teleorman-at-rompetrol-kmg-international-4431908830,"Key Account Representative (Calarasi, Giurgiu si Teleorman)",Rompetrol (KMG International),posted,2026-07-07T01:57:32.357099,78
58568be64b07482d,https://ro.linkedin.com/jobs/view/ad-creative-specialist-d2c-pet-brand-at-mrfluffyfriend-global-4436943607,Ad Creative Specialist D2C Pet Brand,,scraped,2026-07-07T01:57:34.951565,
1902bdf70b5a553c,https://ro.linkedin.com/jobs/view/clinical-research-associate-at-icon-strategic-solutions-4435563427,Clinical Research Associate,,scraped,2026-07-07T01:58:47.916723,
67bc03b2bd13faba,https://ro.linkedin.com/jobs/view/technical-manager-automotive-and-industrial-at-jobgether-4435412930,Technical Manager - Automotive and Industrial,,scraped,2026-07-07T01:58:55.073779,
0384d66eb4986b83,https://ro.linkedin.com/jobs/view/mecanic-mechanic-lehliu-at-bunge-4275621065,Mecanic (Mechanic) - Lehliu,Bunge,posted,2026-07-07T01:59:42.558256,80
32aabacd36d4a337,https://ro.linkedin.com/jobs/view/planner-at-voltae-engineering-4437179854,Planner,,scraped,2026-07-07T01:59:45.256553,
81d0f6ee1bb0ee1d,https://ro.linkedin.com/jobs/view/dba-expert-capacity-at-vois-4427016261,"DBA Expert, Capacity",,scraped,2026-07-07T01:59:54.998762,
281298d7d8fbe54d,https://ro.linkedin.com/jobs/view/demand-planning-specialist-at-electrolux-group-4436753857,Demand Planning Specialist,Electrolux Group,posted,2026-07-07T02:00:46.716234,82
11552efaa1241040,https://ro.linkedin.com/jobs/view/business-support-specialist-road-m-f-d-at-dsv-global-transport-and-logistics-4435427763,"Business Support Specialist, Road (M/F/D)",,scraped,2026-07-07T02:00:49.338680,
786d4cc8c25a9f7b,https://ro.linkedin.com/jobs/view/agent-vanzari-at-misavan-4433936702,Agent Vanzari,,scraped,2026-07-07T02:00:56.957383,
f789d3d2153d2bde,https://ro.linkedin.com/jobs/view/social-media-ambassador-content-creator-%E2%80%93-cofet%C4%83rie-at-miss-baker-4435857142,Social Media Ambassador / Content Creator – Cofetărie,,scraped,2026-07-07T02:01:07.070001,
523ad136dce9ff4c,https://ro.linkedin.com/jobs/view/manufacturing-trainee-in-philip-morris-romania-on-site-start-date-august-2026-at-philip-morris-international-4436199370,"Manufacturing Trainee in Philip Morris Romania [on site, start date: august 2026]",,scraped,2026-07-07T02:01:16.517813,
9011aa252e24f5b6,https://ro.linkedin.com/jobs/view/warehouse-pharmacist-at-b-braun-group-4435213295,Warehouse Pharmacist,,scraped,2026-07-07T02:01:23.285257,
c8199a65b1af12a9,https://ro.linkedin.com/jobs/view/process-expert-production-planning-at-bosch-romania-4432381412,Process Expert Production Planning,,scraped,2026-07-07T02:01:30.607255,
5a67aed18f3e8973,https://ro.linkedin.com/jobs/view/director-regional-de-v%C3%A2nz%C4%83ri-bucure%C8%99ti-%C2%B7-oltenia-%C2%B7-moldova-%C2%B7-dobrogea-at-fischer-rom%C3%A2nia-4435114303,Director Regional de Vânzări - București · Oltenia · Moldova · Dobrogea,,scraped,2026-07-07T02:01:38.669040,
f5b246332d4fb9a1,https://ro.linkedin.com/jobs/view/rituals-hr-advisor-bucharest-at-rituals-b-corp%E2%84%A2-4435183861,Rituals - HR Advisor (Bucharest),,scraped,2026-07-07T02:01:46.023001,
f50b3a713f8c7edc,https://ro.linkedin.com/jobs/view/forestry-officer-at-synmatch-ai-4434985488,Forestry Officer,Synmatch AI,posted,2026-07-07T02:02:04.627141,84
5e393a65d1f37cd9,https://ro.linkedin.com/jobs/view/partnerships-manager-at-fyst-4435817171,Partnerships Manager,,scraped,2026-07-07T02:02:07.352433,
f806553be520adcf,https://ro.linkedin.com/jobs/view/sales-and-office-assistant-f-m-x-at-solvay-4422779516,Sales and Office Assistant (F/M/X),,scraped,2026-07-07T02:02:14.587812,
2496c5b904e1046c,https://ro.linkedin.com/jobs/view/business-compliance-manager-retail-at-revolut-4435455884,Business Compliance Manager (Retail),,scraped,2026-07-07T02:02:26.482536,
833e26a22fbe3e6d,https://ro.linkedin.com/jobs/view/bpe-transportation-logistics-at-ubique-systems-4433946674,BPE Transportation Logistics,,scraped,2026-07-07T02:02:33.389182,
782d3294278626f2,https://ro.linkedin.com/jobs/view/customer-service-representative-at-undelucram-ro-4434387437,Customer Service Representative,Undelucram.ro,posted,2026-07-07T02:02:50.127831,86
72e0b4233249fd95,https://ro.linkedin.com/jobs/view/asistent-vanzari-arad-at-undelucram-ro-4435711413,Asistent vanzari Arad,Undelucram.ro,posted,2026-07-07T02:03:03.262083,88
96f68feb64b033b8,https://ro.linkedin.com/jobs/view/mid-level-customer-service-representative-with-english-at-undelucram-ro-4434398243,Mid-Level Customer Service Representative with English,Undelucram.ro,posted,2026-07-07T02:03:15.612273,90
61ed5a38ab7f0c8d,https://ro.linkedin.com/jobs/view/customer-service-representative-at-undelucram-ro-4434396224,Customer Service Representative,Undelucram.ro,scraped,2026-07-07T02:03:23.112199,
8a5b41776c566e24,https://ro.linkedin.com/jobs/view/marketplace-operations-growth-lead-at-am-pm-4432798154,Marketplace Operations & Growth Lead,,scraped,2026-07-07T02:03:25.917291,
a05d06a83201def9,https://ro.linkedin.com/jobs/view/english-speaking-game-presenter-for-bucharest-office-at-the-lemon-consulting-4434386723,English speaking Game Presenter for Bucharest office,The Lemon Consulting,posted,2026-07-07T02:03:40.150859,32
aaaf9ff193b78901,https://ro.linkedin.com/jobs/view/ui-engineer-f-m-x-at-deutsche-bank-4437441321,UI Engineer (f/m/x),,scraped,2026-07-07T02:03:42.790363,
e035bddc6cd25420,https://ro.linkedin.com/jobs/view/ui-engineer-f-m-x-at-deutsche-bank-4437428838,UI Engineer (f/m/x),,scraped,2026-07-07T02:03:49.532703,
64e81217e0945a3d,https://ro.linkedin.com/jobs/view/business-analyst-working-schedule-15-00-24-00-at-gsd-solutions-4436739950,Business Analyst - working schedule 15.00-24.00,,scraped,2026-07-07T02:03:56.302202,
66fa4e931e91da2c,https://ro.linkedin.com/jobs/view/expert-trading-back-office-at-omv-petrom-4432554573,Expert Trading Back Office,,scraped,2026-07-07T02:04:09.367525,
b586979fe38543ec,https://ro.linkedin.com/jobs/view/java-engineer-at-deutsche-bank-4435515772,Java Engineer,,scraped,2026-07-07T02:04:17.351460,
7c58552d58e2ed8b,https://ro.linkedin.com/jobs/view/manager-d2c-commercial-performance-at-jobgether-4436081872,Manager D2C Commercial Performance,,scraped,2026-07-07T02:04:24.200189,
a6407db93fa1888f,https://ro.linkedin.com/jobs/view/data-analyst-at-kruk-rom%C3%A2nia-4435095892,Data Analyst,,scraped,2026-07-07T02:04:31.045255,
641ed128346ce85a,https://ro.linkedin.com/jobs/view/strategic-technology-change-consultant-deloitte-technology-delivery-center-at-deloitte-4424869590,Strategic & Technology Change Consultant | Deloitte Technology Delivery Center,Deloitte,posted,2026-07-07T02:05:15.646484,92
6b4290d4a41f50c5,https://ro.linkedin.com/jobs/view/application-consultant-logistics-at-undelucram-ro-4435282858,Application Consultant Logistics,Undelucram.ro,posted,2026-07-07T02:05:28.244585,94
2e96c1db0f9c540f,https://ro.linkedin.com/jobs/view/operator-montaj-cargodoor-at-airbus-4375264850,Operator montaj CargoDoor,Airbus,posted,2026-07-07T02:05:38.653372,96
75d9cf72850b638b,https://ro.linkedin.com/jobs/view/brand-acquisitions-logistics-officer-at-ayvens-4432391196,Brand Acquisitions & Logistics Officer,Ayvens,posted,2026-07-07T02:05:55.015253,98
59eef69cd1afb30a,https://ro.linkedin.com/jobs/view/collections-specialist-with-romanian-at-deloitte-4422288345,Collections Specialist with Romanian,Deloitte,posted,2026-07-07T02:06:21.133451,100
3f4fecc5a91efa0d,https://ro.linkedin.com/jobs/view/planificator-calitate-at-airbus-4413345502,Planificator Calitate,Airbus,posted,2026-07-07T02:06:31.487045,102
4630eab7e0cfae62,https://ro.linkedin.com/jobs/view/manager-magazin-timi%C8%99oara-f-m-at-undelucram-ro-4435281920,Manager Magazin Timișoara (f/m),Undelucram.ro,posted,2026-07-07T02:06:44.756413,104
930720c1b506dbf5,https://ro.linkedin.com/jobs/view/asistent-vanzari-sibiu-at-undelucram-ro-4435005765,Asistent Vanzari Sibiu,Undelucram.ro,posted,2026-07-07T02:06:57.988486,106
8fdec7448d900c0a,https://ro.linkedin.com/jobs/view/tamplar-universal-at-kronospan-4437408229,Tamplar universal,,scraped,2026-07-07T02:07:00.728467,
f7d24995a04aa0a3,https://ro.linkedin.com/jobs/view/supplier-quality-engineer-at-thyssenkrupp-4432702138,Supplier Quality Engineer,,scraped,2026-07-07T02:07:09.270456,
3cf7db6c3b3ab970,https://ro.linkedin.com/jobs/view/network-engineer-mid-level-at-spearhead-systems-4431942482,Network Engineer (Mid-Level),,scraped,2026-07-07T02:07:19.119308,
5356e49285204c6c,https://ro.linkedin.com/jobs/view/performance-marketing-lead-at-made-by-society-4431948438,Performance Marketing Lead,,scraped,2026-07-07T02:07:26.791568,
09ca5034fa901c50,https://ro.linkedin.com/jobs/view/sales-development-representative-romanian-speaking-at-huzzle-com-4436706736,Sales Development Representative - Romanian Speaking,,scraped,2026-07-07T02:07:33.565681,
fdc9035ae8333e10,https://ro.linkedin.com/jobs/view/senior-ui-ux-designer-at-jobgether-4434194883,Senior UI/UX Designer,,scraped,2026-07-07T02:07:40.904893,
9cf0fd681f7e71a1,https://ro.linkedin.com/jobs/view/business-analyst-at-vois-4413693952,Business Analyst,,scraped,2026-07-07T02:07:47.239248,
9ac6d0cfe62953df,https://ro.linkedin.com/jobs/view/data-scientist-at-ntt-data-europe-latam-4398694748,Data Scientist,NTT DATA Europe & Latam,posted,2026-07-07T02:08:03.656635,108
d9e1642be677f130,https://ro.linkedin.com/jobs/view/data-scientist-at-gauss-neumann-4378842975,Data Scientist,,scraped,2026-07-07T02:08:06.454565,
896b0025e408c738,https://ro.linkedin.com/jobs/view/full-stack-net-developer-at-my-recruit-4435207871,Full Stack .NET Developer,,scraped,2026-07-07T02:08:13.440334,
6bf26f4e4e2f61c2,https://ro.linkedin.com/jobs/view/assistant-controller-accountant-at-pip-global-safety-4435197169,Assistant Controller & Accountant,PIP Global Safety,posted,2026-07-07T02:08:44.948058,110
a7ecde9dec255f9b,https://ro.linkedin.com/jobs/view/junior-data-analyst-%40marshtech-at-mercer-4407545140,Junior Data Analyst @MarshTech,,scraped,2026-07-07T02:08:47.749966,
f4ac4b84c2283764,https://ro.linkedin.com/jobs/view/team-leader-seller-development-at-emag-4426792264,Team Leader Seller Development,,scraped,2026-07-07T02:09:37.692971,
e1b3651da6057b32,https://ro.linkedin.com/jobs/view/procurement-business-analyst-at-adecco-4435801417,Procurement Business Analyst,,scraped,2026-07-07T02:09:45.128249,
e4f894f47c4bef74,https://ro.linkedin.com/jobs/view/regional-marketing-manager-romania-at-advocate-group-4435232805,Regional Marketing Manager - Romania,,scraped,2026-07-07T02:09:51.599833,
1808e52332d64e3f,https://ro.linkedin.com/jobs/view/crewing-officer-at-zodiac-maritime-4431726672,Crewing Officer,,scraped,2026-07-07T02:09:58.908215,
e2a3830d20eaeef4,https://ro.linkedin.com/jobs/view/human-resource-specialist-shared-service-centre-at-g-p-4412046258,Human Resource Specialist - Shared Service Centre,,scraped,2026-07-07T02:10:06.360850,
217567a96f85f183,https://ro.linkedin.com/jobs/view/data-analyst-with-gcp-at-cognizant-4431581458,Data Analyst with GCP,,scraped,2026-07-07T02:10:33.117195,
08f768356be90851,https://ro.linkedin.com/jobs/view/junior-responsabil-logistic%C4%83-procese-achizi%C8%9Bii-marf%C4%83-ro-e-transport-per-det-18-luni-f-m-at-undelucram-ro-4436024331,Junior Responsabil Logistică - Procese Achiziții Marfă (RO e-Transport) - per. det. 18 luni (f/m),Undelucram.ro,posted,2026-07-07T02:10:52.656086,112
83721fc2a9f99ab1,https://ro.linkedin.com/jobs/view/software-engineer-at-lectra-t%C3%BCrkiye-4435831079,Software Engineer,,scraped,2026-07-07T02:10:55.353200,
4eb2d6fbc5d95c60,https://ro.linkedin.com/jobs/view/ai-engineer-at-vodafone-4431931746,AI Engineer,,scraped,2026-07-07T02:11:02.814149,
da509141c255bae8,https://ro.linkedin.com/jobs/view/store-manager-mobil-si-sau-de-suport-at-undelucram-ro-4435703894,Store Manager (mobil si /sau de suport),Undelucram.ro,posted,2026-07-07T02:11:19.505910,114
75c28d046df1a0ab,https://ro.linkedin.com/jobs/view/permanent-control-officer-finance-at-bnp-paribas-4431907900,Permanent Control Officer - Finance,BNP Paribas,posted,2026-07-07T02:11:35.700328,116
ed6afe89f1cd051b,https://ro.linkedin.com/jobs/view/airfreight-specialist-at-europrim-group-4433920980,Airfreight Specialist,,scraped,2026-07-07T02:11:38.597321,
104a7cc07536338f,https://ro.linkedin.com/jobs/view/civil-engineer-renewables-industrial-at-aecom-4432796458,Civil Engineer - Renewables & Industrial,,scraped,2026-07-07T02:12:50.760369,
4a6618bd53b8c7d1,https://ro.linkedin.com/jobs/view/lease-up-marketing-manager-real-estate-at-jobgether-4436084343,Lease-Up Marketing Manager (Real Estate),,scraped,2026-07-07T02:14:13.068448,
2b8787dca666c7c2,https://ro.linkedin.com/jobs/view/ndt-inspector-at-bmt-aerospace-4433734526,NDT Inspector,,scraped,2026-07-07T02:14:19.696487,
0950ee4a2e117913,https://ro.linkedin.com/jobs/view/asistent-vanzari-jysk-sf%C3%A2ntu-gheorghe-at-undelucram-ro-4434303189,Asistent Vanzari JYSK Sfântu Gheorghe,Undelucram.ro,posted,2026-07-07T02:15:45.371107,118
0ddfd8a4c2eb2f2d,https://ro.linkedin.com/jobs/view/permanent-control-officer-finance-at-bnp-paribas-personal-finance-4434955376,Permanent Control Officer - Finance,,scraped,2026-07-07T02:15:48.047289,
ed6054b677707c6b,https://ro.linkedin.com/jobs/view/global-drug-safety-associate-at-arriello-4436199270,Global Drug Safety Associate,,scraped,2026-07-07T02:15:55.693292,
f0a9764167a20490,https://ro.linkedin.com/jobs/view/sales-development-representative-eu-region-at-osome-4408776082,Sales Development Representative (EU Region),,scraped,2026-07-07T02:16:04.484292,
9db8ed207cb077b9,https://ro.linkedin.com/jobs/view/customs-assistant-m-f-d-at-dsv-global-transport-and-logistics-4435441162,Customs Assistant (M/F/D),,scraped,2026-07-07T02:16:11.250863,
c8860ca6bf85c332,https://ro.linkedin.com/jobs/view/sub-regional-hse-manager-eastern-europe-middle-east-africa-at-vestas-4435847890,"Sub-Regional HSE Manager- Eastern Europe, Middle East & Africa",,scraped,2026-07-07T02:16:17.520221,
58f8e50963a526bc,https://ro.linkedin.com/jobs/view/specialist-operatiuni-at-engie-romania-4416658654,Specialist operatiuni,,scraped,2026-07-07T02:16:24.133309,
a6da97b83eba2acc,https://ro.linkedin.com/jobs/view/oracle-dba-freelance-at-k2-partnering-solutions-4435068017,Oracle DBA (Freelance),,scraped,2026-07-07T02:16:32.896572,
0ba307dc1c648e11,https://ro.linkedin.com/jobs/view/inginer-proiectant-4432754118,Inginer proiectant,SC.MANOLO PROJECT.SRL,posted,2026-07-07T02:16:46.507754,120
1ca01521bd214cf4,https://ro.linkedin.com/jobs/view/supplier-quality-data-specialist-at-siemens-4407647303,Supplier Quality Data Specialist,Siemens,posted,2026-07-07T02:16:57.232366,122
e36283a7905ddb8a,https://ro.linkedin.com/jobs/view/repair-maintenance-specialist-iv-wireline-at-weatherford-4427925942,Repair & Maintenance Specialist IV - Wireline,Weatherford,posted,2026-07-07T02:17:13.826784,124
04f862fd9b51d9f4,https://ro.linkedin.com/jobs/view/booking-holdings-romania-compliance-investigations-manager-individual-contributor-at-booking-holdings-nasdaq-bkng-4422727341,Booking Holdings Romania - Compliance Investigations Manager (Individual Contributor),Booking Holdings (NASDAQ: BKNG),posted,2026-07-07T02:17:43.836767,126
2eec36216c5cc7cd,https://ro.linkedin.com/jobs/view/performance-optimisation-specialist-at-nokia-4357408345,Performance & Optimisation Specialist,,scraped,2026-07-07T02:17:46.418318,
066d56860303be9f,https://ro.linkedin.com/jobs/view/seo-specialist-at-wpp-media-4432386482,SEO Specialist,,scraped,2026-07-07T02:17:53.745925,
d3df8aad21f5ecf1,https://ro.linkedin.com/jobs/view/mechanical-product-design-eng-at-schaeffler-4427923834,Mechanical Product Design Eng.,Schaeffler,posted,2026-07-07T02:18:18.478631,128
60e32063d82df0b3,https://ro.linkedin.com/jobs/view/team-leader-project-management-at-libra-internet-bank-4433974062,Team Leader Project Management,,scraped,2026-07-07T02:18:21.149936,
038526ea0de16d8b,https://ro.linkedin.com/jobs/view/business-development-manager-at-greenvolt-group-4433101520,Business Development Manager,,scraped,2026-07-07T02:18:29.340026,
043989df80f5208c,https://ro.linkedin.com/jobs/view/digital-content-presenter-russian-speaking-at-ignite-4436060413,Digital Content Presenter (Russian Speaking),Ignite,posted,2026-07-07T02:19:03.396169,130
aba04d03da63ef03,https://ro.linkedin.com/jobs/view/manager-departament-decathlon-craiova-at-decathlon-4433739771,Manager Departament Decathlon Craiova,,scraped,2026-07-07T02:19:06.060669,
5407c3d78a61ea09,https://ro.linkedin.com/jobs/view/country-manager-romania-residential-energy-storage-systems-chinese-speaker-at-pt-talenta-eksekutif-asia-4435221384,Country Manager - Romania (Residential Energy Storage Systems) - Chinese Speaker,PT Talenta Eksekutif Asia,posted,2026-07-07T02:20:32.629154,132
23592d28b2652d98,https://ro.linkedin.com/jobs/view/finance-business-partner-leading-real-estate-company-commercial-properties-landlord-at-ascentor-recruitment-and-executive-search-4432368895,Finance Business Partner  | Leading Real Estate Company - Commercial Properties Landlord,ASCENTOR Recruitment and Executive Search,posted,2026-07-07T02:21:51.820219,134
fc3021a0f60ae965,https://ro.linkedin.com/jobs/view/inside-sales-team-leader-germanynew-at-undelucram-ro-4434302257,"Inside Sales Team Leader, GermanyNew",Undelucram.ro,posted,2026-07-07T02:22:05.742899,136
c9e09fcb480fcec5,https://ro.linkedin.com/jobs/view/electrical-design-engineer-at-selectrik-4433176154,Electrical Design Engineer,,scraped,2026-07-07T02:22:08.322861,
40ee4666d33d8aad,https://ro.linkedin.com/jobs/view/supplier-quality-management-at-helbako-group-4435443120,Supplier Quality Management,,scraped,2026-07-07T02:22:15.001071,
74700e3774c7ccdd,https://ro.linkedin.com/jobs/view/regulatory-affairs-consultant-eu-regulatory-intelligence-at-parexel-4387985321,Regulatory Affairs Consultant - EU Regulatory Intelligence,,scraped,2026-07-07T02:22:24.582114,
d8036866035d588c,https://ro.linkedin.com/jobs/view/head-of-reporting-at-masterfoam-group-4437140633,Head of Reporting,,scraped,2026-07-07T02:22:46.101419,
5a7a7b4ee7b74923,https://ro.linkedin.com/jobs/view/sales-representative-4433194176,Sales Representative,FlowStone Agency,posted,2026-07-07T02:22:59.851870,138
69ca52c32326fa91,https://ro.linkedin.com/jobs/view/commission-analyst-at-vois-4432383918,Commission Analyst,,scraped,2026-07-07T02:23:02.580211,
5e0673633b6f8144,https://ro.linkedin.com/jobs/view/english-speaking-game-presenter-relocation-to-sofia-at-triskel-consulting-4435893636,English speaking Game Presenter - RELOCATION TO SOFIA,Triskel Consulting,posted,2026-07-07T02:24:22.833021,140
61d8a59be2d8e87e,https://ro.linkedin.com/jobs/view/trainer-skincare-beautytech-champion-at-l-or%C3%A9al-4429236915,Trainer Skincare & Beautytech Champion,,scraped,2026-07-07T02:24:25.677936,
2c25529e612e0ea6,https://ro.linkedin.com/jobs/view/search-operations-specialist-french-speaking-third-party-associate-at-tiktok-4417577502,Search Operations Specialist - French Speaking (Third-Party Associate),,scraped,2026-07-07T02:24:32.292863,
ee7851fc6448b792,https://ro.linkedin.com/jobs/view/data-functional-pp-at-ibm-4432788709,Data Functional PP,IBM,posted,2026-07-07T02:24:55.642895,142
4e858897bccfb7fc,https://ro.linkedin.com/jobs/view/economist-accountant-m-f-d-at-rheinmetall-4435527046,Economist/Accountant (m/f/d),Rheinmetall,posted,2026-07-07T02:25:43.399664,144
64d8fadf1310b686,https://ro.linkedin.com/jobs/view/scrum-master-all-genders-at-meteocontrol-4435526488,Scrum Master (all genders),,scraped,2026-07-07T02:25:46.030909,
398853edfb4f9cdd,https://ro.linkedin.com/jobs/view/finops-agent-at-a-p-moller-maersk-4428115385,Finops Agent,,scraped,2026-07-07T02:26:09.039335,
ade977a2d8e0475b,https://ro.linkedin.com/jobs/view/team-leader-at-bekaert-4432722419,Team Leader,,scraped,2026-07-07T02:26:15.624487,
0e908dd3eb7732f8,https://ro.linkedin.com/jobs/view/command-center-l1-at-wipro-romania-4432784546,Command Center L1,,scraped,2026-07-07T02:26:22.506671,
d8b222c56a6a7561,https://ro.linkedin.com/jobs/view/deputy-manager-at-kp-group-4434511034,Deputy Manager,,scraped,2026-07-07T02:26:31.047968,
7ea09b003c92b97c,https://ro.linkedin.com/jobs/view/clinical-supply-specialist-latam-europe-remote-at-worldwide-clinical-trials-4432376336,Clinical Supply Specialist - LATAM/Europe- Remote,Worldwide Clinical Trials,posted,2026-07-07T02:26:50.090355,146
30c29539f71d0e92,https://ro.linkedin.com/jobs/view/commissioning-supervisor-at-efor-4435458536,Commissioning Supervisor,,scraped,2026-07-07T02:26:52.723303,
b860c04b352f9eb2,https://ro.linkedin.com/jobs/view/get-hired-in-1day-experienced-professionals-at-procter-gamble-4425300198,Get Hired in 1Day - Experienced Professionals,Procter &amp; Gamble,posted,2026-07-07T02:27:07.970222,148
87d7993b755b05cc,https://ro.linkedin.com/jobs/view/sales-stylist-bucharest-mega-mall-full-time-at-levi-strauss-co-4436048057,"Sales Stylist_Bucharest_Mega_Mall, Full Time",Levi Strauss &amp; Co.,posted,2026-07-07T02:27:17.473964,150
25dec76881b46456,https://ro.linkedin.com/jobs/view/commercial-manager-romania-at-enery-4435107258,Commercial Manager Romania,,scraped,2026-07-07T02:27:20.331819,
d9f0ed3aa06ac119,https://ro.linkedin.com/jobs/view/compliance-officer-at-evergent-investments-4436187910,Compliance Officer,,scraped,2026-07-07T02:27:28.294545,
91b0bf7765f7582d,https://ro.linkedin.com/jobs/view/fullstack-software-engineer-at-jobgether-4435756961,Fullstack Software Engineer,,scraped,2026-07-07T02:27:36.798810,
cf3f217c9bc63e3b,https://ro.linkedin.com/jobs/view/support-engineer-at-societe-generale-global-solution-centre-4437164638,Support Engineer,,scraped,2026-07-07T02:28:47.160856,
cc7aa83ad3356ae4,https://ro.linkedin.com/jobs/view/summer-intern-in-corporate-banking-bucharest-at-citi-4434624817,Summer Intern in Corporate Banking - Bucharest,,scraped,2026-07-07T02:28:54.317095,
e8248d9cb743dd46,https://ro.linkedin.com/jobs/view/jr-accounting-analyst-at-molson-coors-gbs-4427992184,Jr Accounting Analyst,,scraped,2026-07-07T02:29:02.346292,
1abfcda88beb1473,https://ro.linkedin.com/jobs/view/account-manager-corporate-tourism-at-paralela45-turism-s-a-4437409789,Account Manager - Corporate Tourism,,scraped,2026-07-07T02:29:10.288303,
5184380831f1602c,https://ro.linkedin.com/jobs/view/manager-mentenan%C8%9B%C4%83-recea-salaj-at-undelucram-ro-4435005767,Manager Mentenanță - Recea (Salaj),Undelucram.ro,posted,2026-07-07T02:29:31.102066,152
a7ce7c2c73cfc9ad,https://ro.linkedin.com/jobs/view/data-analyst-consultant-at-data-edge-4435293782,Data Analyst Consultant,,scraped,2026-07-07T02:29:33.977684,
11ff322fae3a6b45,https://ro.linkedin.com/jobs/view/consultant-vanzari-20-ore-at-h-m-4436989938,Consultant vanzari 20 ore,H&M,posted,2026-07-07T02:29:51.419901,154
5e490bf1ed2ef4a1,https://ro.linkedin.com/jobs/view/environment-health-and-safety-specialist-at-de-longhi-group-4361720515,"ENVIRONMENT, HEALTH AND SAFETY SPECIALIST",,scraped,2026-07-07T02:29:54.142081,
e09f285b417fb01d,https://ro.linkedin.com/jobs/view/pharmacovigilance-officer-senior-level-position-at-primevigilance-4436198975,Pharmacovigilance Officer (senior level position),,scraped,2026-07-07T02:30:01.195484,
1165fb423037aa83,https://ro.linkedin.com/jobs/view/software-engineer-ai-training-at-alignerr-4435368244,Software Engineer (AI Training),,scraped,2026-07-07T02:30:09.816840,
00ecc6ba91e5dceb,https://ro.linkedin.com/jobs/view/machine-learning-engineer-at-ipsos-in-romania-4433700530,Machine Learning Engineer,,scraped,2026-07-07T02:30:33.344463,
a344db88417264f0,https://ro.linkedin.com/jobs/view/ai-co-founder-ceo-100-%25-remote-m-f-d-at-ewor-4435493007,AI Co-Founder / CEO (100 % remote) (m/f/d),,scraped,2026-07-07T02:30:40.580236,
a0cc3c6140bb469c,https://ro.linkedin.com/jobs/view/accountant-at-inorder-agency-4432365280,Accountant,InOrder Agency,posted,2026-07-07T02:30:55.131878,156
cfa4536ce00db300,https://ro.linkedin.com/jobs/view/experienced-qa-tester-pc-consoles-at-alkotech-labs-4432788121,Experienced QA Tester (PC & Consoles),,scraped,2026-07-07T02:30:57.848928,
f891614be05a322d,https://ro.linkedin.com/jobs/view/manager-monitoring-site-management-at-alimentiv-4434188967,"Manager, Monitoring & Site Management",,scraped,2026-07-07T02:31:04.090549,
18df60c3e9fae409,https://ro.linkedin.com/jobs/view/ai-project-manager-program-coordinator-at-sap-4417151889,AI Project Manager & Program Coordinator,SAP,posted,2026-07-07T02:31:20.073362,158
c33131872bfe61e8,https://ro.linkedin.com/jobs/view/data-scientist-at-kruk-rom%C3%A2nia-4435436641,Data Scientist,,scraped,2026-07-07T02:31:22.900181,
1f841b0eba77b50e,https://ro.linkedin.com/jobs/view/senior-business-analyst-at-cgi-4378608800,Senior Business Analyst,,scraped,2026-07-07T02:31:32.538246,
ec2bf6ef99f0fa74,https://ro.linkedin.com/jobs/view/senior-ai-engineer-at-deutsche-bank-4435511782,Senior AI Engineer,,scraped,2026-07-07T02:31:40.325973,
11fa460f969c9f5f,https://ro.linkedin.com/jobs/view/area-sales-manager-b2b-card-at-mol-group-4435820096,Area Sales Manager B2B Card,,scraped,2026-07-07T02:31:47.341808,
5c0570fc78f00c09,https://ro.linkedin.com/jobs/view/specialist-automation-ot-engineering-at-omv-petrom-4429238904,Specialist Automation & OT Engineering,,scraped,2026-07-07T02:31:55.586477,
b11fbdd258e19e18,https://ro.linkedin.com/jobs/view/manager-financiar-proiect-infrastructura-at-undelucram-ro-4435296401,Manager financiar - proiect infrastructura,Undelucram.ro,posted,2026-07-07T02:32:14.030134,160
6f4dd62ccbc73b15,https://ro.linkedin.com/jobs/view/internal-sales-support-at-p-m-furniture-romania-4433913613,Internal Sales Support,,scraped,2026-07-07T02:32:16.684465,
95b737d00143d1f6,https://ro.linkedin.com/jobs/view/astronomer-qa-lead-remote-at-yo-it-consulting-4435284883,Astronomer QA Lead - Remote,,scraped,2026-07-07T02:33:28.574145,
52a2b5f6f5274c1c,https://ro.linkedin.com/jobs/view/sales-supervisor-modern-trade-at-tesy-4433707028,Sales Supervisor Modern Trade,,scraped,2026-07-07T02:33:35.151826,
d905312c867e6eac,https://ro.linkedin.com/jobs/view/field-it-support-it-support-at-teceze-4434620916,Field IT Support/ IT Support,,scraped,2026-07-07T02:33:44.922966,
7d51c3054651011a,https://ro.linkedin.com/jobs/view/substation-engineer-with-revit-at-aecom-4432755395,Substation Engineer (with Revit),,scraped,2026-07-07T02:33:58.846355,
1fcc403fedd972bc,https://ro.linkedin.com/jobs/view/safety-model-data-quality-assurance-analyst-romanian-speaking-third-party-associate-at-tiktok-4435462173,Safety Model Data Quality Assurance Analyst - Romanian Speaking (Third-Party Associate),TikTok,posted,2026-07-07T02:35:21.197534,162
287433598dba08cb,https://ro.linkedin.com/jobs/view/safety-model-data-quality-assurance-analyst-romanian-speaking-third-party-associate-at-tiktok-4435409916,Safety Model Data Quality Assurance Analyst - Romanian Speaking (Third-Party Associate),,scraped,2026-07-07T02:35:23.824028,
b1db5d86f24323aa,https://ro.linkedin.com/jobs/view/collections-specialist-with-hungarian-at-deloitte-4422277419,Collections Specialist with Hungarian,Deloitte,posted,2026-07-07T02:36:15.362022,164
df88a36852bcec6f,https://ro.linkedin.com/jobs/view/c2c-collections-process-expert-with-french-at-undelucram-ro-4435024131,C2C Collections Process Expert with French,Undelucram.ro,posted,2026-07-07T02:36:28.030534,166
85b5fc4fdb44d1c0,https://ro.linkedin.com/jobs/view/communications-and-engagement-consultant-s4e-ocm-at-siemens-energy-4427704101,Communications and Engagement Consultant (S4E OCM),,scraped,2026-07-07T02:36:30.925063,
ac79aa4459b0d489,https://ro.linkedin.com/jobs/view/lucr%C4%83tor-comercial-polivalent-unirii-3-constan%C8%9Ba-at-mega-image-ahold-delhaize-group-4437184192,Lucrător comercial polivalent - Unirii 3 ( Constanța ),,scraped,2026-07-07T02:37:41.790288,
4afab7bcc119ef06,https://ro.linkedin.com/jobs/view/senior-audit-analyst-at-deloitte-4432767687,Senior Audit Analyst,Deloitte,posted,2026-07-07T02:38:17.440662,168
f171f308dda4107c,https://ro.linkedin.com/jobs/view/safety-model-data-quality-assurance-analyst-english-speaking-third-party-associate-at-tiktok-4435421467,Safety Model Data Quality Assurance Analyst - English Speaking (Third-Party Associate),,scraped,2026-07-07T02:38:20.041924,
a616fa766c000f69,https://ro.linkedin.com/jobs/view/customer-service-agent-with-bulgarian-language-at-undelucram-ro-4434377982,Customer Service Agent with Bulgarian language,Undelucram.ro,posted,2026-07-07T02:38:43.430257,170
72c316068a4df794,https://ro.linkedin.com/jobs/view/ai-analyst-%E2%80%94-enablement-amp-literacy-at-undelucram-ro-4436022438,AI Analyst — Enablement &amp; Literacy,Undelucram.ro,posted,2026-07-07T02:38:56.174267,172
0caf3929a5996e91,https://ro.linkedin.com/jobs/view/regional-sales-manager-sinsay-at-lpp-romania-4434967937,Regional Sales Manager Sinsay,,scraped,2026-07-07T02:38:58.857811,
3a88d1a32ee4975c,https://ro.linkedin.com/jobs/view/business-analyst-at-vois-4422298896,Business Analyst,,scraped,2026-07-07T02:39:09.244138,
afa284757c8ce6da,https://ro.linkedin.com/jobs/view/data-scientist-professional-at-worldline-4418666918,Data Scientist - Professional,Worldline,posted,2026-07-07T02:39:26.221725,174
f403323587f2504b,https://ro.linkedin.com/jobs/view/kfc-dorobanti-cauta-manager-de-tura-%23pebune%21-at-undelucram-ro-4435712468,KFC Dorobanti cauta manager de tura #pebune!,Undelucram.ro,posted,2026-07-07T02:39:38.607727,176
fd40fff7cef98d44,https://ro.linkedin.com/jobs/view/acute-care-monitoring-remote-sales-representative-at-medtronic-4435524686,Acute Care & Monitoring Remote Sales Representative,,scraped,2026-07-07T02:39:41.721202,
ee340df2c9f6233b,https://ro.linkedin.com/jobs/view/operations-support-specialist-at-hipo-ro-4436385808,Operations Support Specialist,,scraped,2026-07-07T02:40:01.108335,
646b62a1b2fac718,https://ro.linkedin.com/jobs/view/business-support-assistant-at-dsv-global-transport-and-logistics-4435468367,Business Support Assistant,,scraped,2026-07-07T02:40:10.186310,
d9fdd216ad271ba4,https://ro.linkedin.com/jobs/view/senior-hr-generalist-at-prohuman-romania-4437164917,SENIOR HR Generalist,,scraped,2026-07-07T02:40:16.792774,
5acdf9a28eeb5d2f,https://ro.linkedin.com/jobs/view/construction-project-manager-at-atyx-4437123117,Construction Project Manager,,scraped,2026-07-07T02:40:25.508380,
bc6ba90d01efea90,https://ro.linkedin.com/jobs/view/head-of-sub-region-eastern-south-east-europe-for-grid-technologies-substations-at-siemens-energy-4406299650,Head of Sub-region Eastern & South East Europe for Grid Technologies Substations,,scraped,2026-07-07T02:40:33.969490,
8768356a25fc4632,https://ro.linkedin.com/jobs/view/talent-acquisition-specialist-at-ayvens-4433959040,Talent Acquisition Specialist,,scraped,2026-07-07T02:40:41.598286,
5cf439c9b2340325,https://ro.linkedin.com/jobs/view/key-project-manager-%E2%80%93-rehabilitation-southern-romania-at-sika-4433956980,Key Project Manager – Rehabilitation (Southern Romania),,scraped,2026-07-07T02:40:48.675492,
a717fc5f5d43fa30,https://ro.linkedin.com/jobs/view/coordonator-v%C3%A2nz%C4%83ri-at-elbi-electric-lighting-srl-4431929392,Coordonator Vânzări,,scraped,2026-07-07T02:40:55.894455,
1c7c242f19489a4e,https://ro.linkedin.com/jobs/view/monitoring-specialist-mid-level-at-spearhead-systems-4431941528,Monitoring Specialist (Mid-Level),,scraped,2026-07-07T02:41:04.255399,
bcda342d8d2985d9,https://ro.linkedin.com/jobs/view/head-of-sub-region-eastern-south-east-europe-for-grid-technologies-substations-at-siemens-energy-4406501599,Head of Sub-region Eastern & South East Europe for Grid Technologies Substations,,scraped,2026-07-07T02:41:11.514233,
73629ce29fc705e5,https://ro.linkedin.com/jobs/view/senior-ai-engineer-f-m-x-at-deutsche-bank-4435841710,Senior AI Engineer (f/m/x),,scraped,2026-07-07T02:41:37.272271,
d9bf5af4aa1a93d7,https://ro.linkedin.com/jobs/view/affiliate-manager-%E2%80%93-for-sweden-denmark-markets-at-solidstake-4436311458,Affiliate Manager – For Sweden & Denmark markets,SolidStake,posted,2026-07-07T02:41:53.870495,178
4b863636581564b7,https://ro.linkedin.com/jobs/view/financial-controller-european-partner-markets-at-medison-pharma-4406574409,"Financial Controller,  European Partner Markets",Medison Pharma,posted,2026-07-07T02:42:06.989729,180
6a2b1d2c19d4c808,https://ro.linkedin.com/jobs/view/senior-category-manager-otc-and-food-supplements-at-help-net-farma-4436335117,Senior Category Manager OTC and Food Supplements,Help Net Farma,posted,2026-07-07T02:42:20.808125,182
4e939e23eaeeb570,https://ro.linkedin.com/jobs/view/sales-manager-romania-residential-energy-storage-systems-chinese-speaker-at-pt-talenta-eksekutif-asia-4435220371,Sales Manager - Romania (Residential Energy Storage Systems) - Chinese Speaker,PT Talenta Eksekutif Asia,posted,2026-07-07T02:42:37.790791,184
4bd2995e3a122a78,https://ro.linkedin.com/jobs/view/quality-analist-injection-molding-production-area-at-harting-technology-group-4424269021,Quality Analist (injection molding production area),HARTING Technology Group,posted,2026-07-07T02:43:25.461611,186
fae25c0a60b2a6da,https://ro.linkedin.com/jobs/view/sales-manager-romania-residential-energy-storage-systems-chinese-speaker-at-pt-talenta-eksekutif-asia-4435205853,Sales Manager - Romania (Residential Energy Storage Systems) - Chinese Speaker,PT Talenta Eksekutif Asia,posted,2026-07-07T02:43:35.965537,184
c4f8c8004f89de67,https://ro.linkedin.com/jobs/view/manager-service-atp-motors-at-atp-group-4397554361,Manager Service  ATP Motors,,scraped,2026-07-07T02:43:38.524219,
79d00c49ac4cd09a,https://ro.linkedin.com/jobs/view/analist-qc-pantelimon-if-at-hipo-ro-4435852698,Analist QC - Pantelimon IF,,scraped,2026-07-07T02:43:45.658437,
aeaf1d47934cfc87,https://ro.linkedin.com/jobs/view/driver-data-collector-in-marghita-romania-at-tsmg-holding-4437489429,"Driver / Data Collector in Marghita, Romania",,scraped,2026-07-07T02:44:58.330171,
b2942d437ac50ead,https://ro.linkedin.com/jobs/view/delivery-manager-agile-delivery-cross-topics-acceleration-at-undelucram-ro-4435285789,Delivery Manager Agile Delivery Cross Topics Acceleration,Undelucram.ro,posted,2026-07-07T02:45:17.816112,188
70bb6e6d0bca3c84,https://ro.linkedin.com/jobs/view/become-a-live-star%21-english-game-presenter-sofia-%E2%80%93-relocation-provided-at-savior-artigos-texteis-lda-4435025425,Become a Live Star! English Game Presenter (Sofia – Relocation Provided),,scraped,2026-07-07T02:45:20.468562,
597829b795ce0d0e,https://ro.linkedin.com/jobs/view/inginer-topograf-at-complet-instal-construct-4432775904,Inginer Topograf,Complet Instal Construct,posted,2026-07-07T02:45:38.728701,190
9e086416a7205045,https://ro.linkedin.com/jobs/view/field-sales-representative-air-ocean-at-antal-international-4437400583,Field Sales Representative | AIR & OCEAN,,scraped,2026-07-07T02:45:41.629375,
70d13b109fd071c5,https://ro.linkedin.com/jobs/view/digital-marketing-specialist-rivus-at-iulius-4435466277,Digital Marketing Specialist - RIVUS,,scraped,2026-07-07T02:45:48.275544,
9c52479ca0a77333,https://ro.linkedin.com/jobs/view/software-engineer-ai-training-at-alignerr-4435363481,Software Engineer (AI Training),,scraped,2026-07-07T02:45:57.702357,
73fde3ea3aa2b228,https://ro.linkedin.com/jobs/view/enterprise-systems-manager-at-ocean-technologies-group-4434640025,Enterprise Systems Manager,,scraped,2026-07-07T02:46:04.620036,
e8e6f4bd5271bef4,https://ro.linkedin.com/jobs/view/sef-departament-panduri-at-mega-image-ahold-delhaize-group-4436374880,Sef departament Panduri,,scraped,2026-07-07T02:46:12.146677,
6120c1d2e067b6df,https://ro.linkedin.com/jobs/view/financial-controller-at-adecco-4435101209,Financial Controller,,scraped,2026-07-07T02:46:19.683090,
739e25816f5db936,https://ro.linkedin.com/jobs/view/electrical-engineer-at-scatec-asa-4343987685,Electrical Engineer,,scraped,2026-07-07T02:46:26.175061,
577250f8ea09e8e7,https://ro.linkedin.com/jobs/view/scada-engineer-at-e-infra-4435814178,SCADA Engineer,,scraped,2026-07-07T02:46:32.797729,
c3f482acf1e2bbeb,https://ro.linkedin.com/jobs/view/sales-manager-romania-residential-energy-storage-systems-chinese-speaker-at-pt-talenta-eksekutif-asia-4435213512,Sales Manager - Romania (Residential Energy Storage Systems) - Chinese Speaker,PT Talenta Eksekutif Asia,posted,2026-07-07T02:46:51.011361,184
67496cb5a3b6b4a2,https://ro.linkedin.com/jobs/view/%E4%BA%BA%E5%8A%9B%E8%B5%84%E6%BA%90%E7%A7%91%E9%95%BF%EF%BC%88%E5%A4%96%E6%B4%BE%E5%8D%B0%E5%BA%A6%EF%BC%89-at-wanfeng-auto-holding-group-co-ltd-4435057188,人力资源科长（外派印度）,Wanfeng Auto Holding Group Co. Ltd,failed|wp_post_failed,2026-07-07T02:48:03.287184,
eeed6849ffd8ad61,https://ro.linkedin.com/jobs/view/regulatory-start-up-lead-emea-based-at-novotech-4437418253,Regulatory Start Up Lead - EMEA based,,scraped,2026-07-07T02:48:05.948248,
d134a8492d5f067b,https://ro.linkedin.com/jobs/view/product-owner-real-estate-proptech-at-yavica-4436763411,Product Owner - Real Estate/ PropTech,,scraped,2026-07-07T02:48:12.522863,
8bbb7820896e33bf,https://ro.linkedin.com/jobs/view/solution-architect-%E2%80%93-core-hr-systems-at-coca-cola-hbc-4410530356,Solution Architect – Core HR Systems,,scraped,2026-07-07T02:48:19.781037,
91e2de1e0fd8a67a,https://ro.linkedin.com/jobs/view/sales-assistant-at-comatec-group-4436251649,Sales Assistant,,scraped,2026-07-07T02:48:26.861854,
7713d77caed90508,https://ro.linkedin.com/jobs/view/site-contracts-lead-europe-remote-at-worldwide-clinical-trials-4426142312,Site Contracts Lead - Europe - Remote,,scraped,2026-07-07T02:48:35.013393,
4254a8e8f37ab1b1,https://ro.linkedin.com/jobs/view/manager-e-discovery-at-hilco-real-estate-finance-4435387201,"Manager, E-Discovery",,scraped,2026-07-07T02:48:42.402110,
fc021fe5cf3877dc,https://ro.linkedin.com/jobs/view/learning-performance-business-partner-at-vodafone-4433190426,Learning & Performance Business Partner,,scraped,2026-07-07T02:50:44.786822,
426fd3d12c4bc6db,https://ro.linkedin.com/jobs/view/purchasing-intern-at-hamilton-central-europe-4432342826,Purchasing Intern,,scraped,2026-07-07T02:50:51.662569,
9c12524b8b4a1653,https://ro.linkedin.com/jobs/view/order-management-supply-network-operations-specialist-at-procter-gamble-4432711049,Order Management Supply Network Operations Specialist,Procter & Gamble,posted,2026-07-07T02:51:09.334856,192
782aee1c27ed4dc9,https://ro.linkedin.com/jobs/view/monitoring-engineer-checkmk-senior-consultant-f-m-d-at-mhp-%E2%80%93-a-porsche-company-4408791158,Monitoring Engineer Checkmk - Senior Consultant (f/m/d),,scraped,2026-07-07T02:51:12.123432,
90235e9edb31bab1,https://ro.linkedin.com/jobs/view/customer-relationship-manager-late-night-shift-at-colt-technology-services-4434671722,Customer Relationship Manager (late night shift),,scraped,2026-07-07T02:51:19.515447,
a0a43b17b7a54a72,https://ro.linkedin.com/jobs/view/specialist-v%C3%A2nz%C4%83ri-organizare-evenimente-at-crowne-plaza-constanta-mamaia-beach-4436700397,Specialist Vânzări & Organizare Evenimente,Crowne Plaza Constanta - Mamaia Beach,posted,2026-07-07T02:52:41.501506,194
02a004bf7413056c,https://ro.linkedin.com/jobs/view/consultant-financiar-nn-at-nn-4433918596,Consultant financiar NN,,scraped,2026-07-07T02:52:44.355574,
a79b4bbf64ff5362,https://ro.linkedin.com/jobs/view/npm-purchasing-emea-regional-category-buyer-building-utilities-with-german-ctbc-at-continental-industry-4435201998,NPM Purchasing EMEA Regional Category Buyer - Building&Utilities - with German CTBC,,scraped,2026-07-07T02:52:51.866748,
e4b87abd215538ab,https://ro.linkedin.com/jobs/view/business-analyst-specialist-financial-services-at-publicis-sapient-4432346660,Business Analyst- Specialist- Financial Services,,scraped,2026-07-07T02:52:58.276736,
54e8fde0ab922c19,https://ro.linkedin.com/jobs/view/senior-strategic-sourcing-specialist-npi-projects-m-f-d-at-honeywell-technologies-4417353453,Senior Strategic Sourcing Specialist (NPI projects) m/f/d,,scraped,2026-07-07T02:53:29.669660,
b504e17dbb06ec26,https://ro.linkedin.com/jobs/view/specialist-rela%C8%9Bii-clien%C8%9Bi-cu-limba-francez%C4%83-at-antal-international-4435440186,Specialist Relații Clienți cu Limba Franceză,,scraped,2026-07-07T02:53:37.156073,
016774e72de1c35c,https://ro.linkedin.com/jobs/view/junior-revenue-analyst-at-broadridge-4436757877,Junior Revenue Analyst,Broadridge,posted,2026-07-07T02:53:53.374227,196
4cf590e385eee61c,https://ro.linkedin.com/jobs/view/store-manager-sinsay-afi-cotroceni-mega-mall-at-lpp-romania-4436199407,Store Manager Sinsay AFI Cotroceni & Mega Mall,,scraped,2026-07-07T02:53:55.996212,
d905805b20404c67,https://ro.linkedin.com/jobs/view/senior-it-technical-support-specialist-at-varicent-4435495094,Senior IT Technical Support Specialist,,scraped,2026-07-07T02:54:06.100486,
41ccfac0140e77d3,https://ro.linkedin.com/jobs/view/assistant-manager-at-prohuman-romania-4437175732,Assistant Manager,,scraped,2026-07-07T02:54:12.749203,
7dedddedc96f0ee6,https://ro.linkedin.com/jobs/view/buyer-at-engie-romania-4437174893,Buyer,,scraped,2026-07-07T02:55:24.831242,
bc4f2436b70ee26e,https://ro.linkedin.com/jobs/view/growth-account-executive-eu-markets-at-revolut-4435459008,Growth Account Executive (EU Markets),,scraped,2026-07-07T02:55:33.561552,
f74bf90f198051ee,https://ro.linkedin.com/jobs/view/business-analyst-trib-retail-credite-at-brd-groupe-societe-generale-4436709371,Business Analyst- Trib Retail Credite,,scraped,2026-07-07T02:56:44.356931,
24596c4058094604,https://ro.linkedin.com/jobs/view/artificial-intelligence-co-founder-head-of-product-100-%25-remote-m-f-d-at-ewor-4435468948,Artificial Intelligence Co-Founder / Head of Product (100 % remote) (m/f/d),,scraped,2026-07-07T02:56:53.459595,
741ebb36ee314715,https://ro.linkedin.com/jobs/view/business-development-representative-at-hr-design-consulting-4437167303,Business Development Representative,,scraped,2026-07-07T02:57:00.083106,
cf86a22858d42c9b,https://ro.linkedin.com/jobs/view/senior-email-marketing-manager-at-ruby-labs-4436737589,Senior Email Marketing Manager,,scraped,2026-07-07T02:57:08.082488,
377708b0feae0295,https://ro.linkedin.com/jobs/view/asistent-v%C3%A2nz%C4%83ri-call-center-at-cernica-events-4435308094,Asistent Vânzări (Call Center),,scraped,2026-07-07T02:58:23.177152,
64def7b3a07fd56c,https://ro.linkedin.com/jobs/view/senior-ai-engineer-at-undelucram-ro-4434387448,Senior AI Engineer,Undelucram.ro,posted,2026-07-07T02:58:43.021859,198
dfe2f209c0d703e9,https://ro.linkedin.com/jobs/view/senior-operational-assistant-based-in-luxembourg-at-european-investment-bank-eib-4426353004,(Senior) Operational Assistant - based in Luxembourg,,scraped,2026-07-07T02:58:45.774944,
9335610ea1f25aca,https://ro.linkedin.com/jobs/view/mid-senior-customer-service-representative-with-italian-at-undelucram-ro-4434390353,Mid-Senior Customer Service Representative with Italian,Undelucram.ro,posted,2026-07-07T02:59:03.905130,200
c9ce8e7a597a2acd,https://ro.linkedin.com/jobs/view/global-customs-specialist-at-undelucram-ro-4435003989,Global Customs Specialist,Undelucram.ro,posted,2026-07-07T02:59:17.377424,202
b144e9d3b30d9cc6,https://ro.linkedin.com/jobs/view/commercial-sme-relationship-manager-ag-mihalache-at-garanti-bbva-romania-4437136721,Commercial & SME Relationship Manager - Ag. Mihalache,,scraped,2026-07-07T02:59:20.086590,
eaca00adfd6fad65,https://ro.linkedin.com/jobs/view/senior-java-engineer-at-deutsche-bank-4423630575,Senior Java Engineer,,scraped,2026-07-07T02:59:27.355559,
926fb47c779b7c31,https://ro.linkedin.com/jobs/view/hubspot-marketing-operations-automation-specialist-3-months-ftc-at-algomarketing-4434966871,Hubspot Marketing Operations/Automation Specialist - 3 months FTC,,scraped,2026-07-07T02:59:34.371456,
e697ad34646e00bc,https://ro.linkedin.com/jobs/view/training-quality-assurance-manager-at-stryker-4407009898,Training & Quality Assurance Manager,,scraped,2026-07-07T02:59:42.310378,
31192a1b6a46ec54,https://ro.linkedin.com/jobs/view/inginer-geodez-birou-oradea-at-optima-outsourcing-4432317974,Inginer Geodez Birou - Oradea,,scraped,2026-07-07T03:00:48.184346,
f610fd2f254f1c4a,https://ro.linkedin.com/jobs/view/ocean-operations-agent-at-c-h-robinson-4416110666,Ocean Operations Agent,,scraped,2026-07-07T03:00:55.820380,
875fe6fe01d40d13,https://ro.linkedin.com/jobs/view/product-owner-solutions-at-vodafone-4432793170,Product Owner Solutions,,scraped,2026-07-07T03:02:26.243500,
6d9685e4686cba91,https://ro.linkedin.com/jobs/view/lucr%C4%83tor-comercial-polivalent-mircea-cel-batran-at-mega-image-ahold-delhaize-group-4437186034,Lucrător comercial polivalent- Mircea cel Batran,,scraped,2026-07-07T03:02:33.423322,
53ef1cacd61d3b53,https://ro.linkedin.com/jobs/view/collections-specialist-with-spanish-and-english-%E2%80%93-bucharest-on-site-at-concentrix-4434645185,"Collections Specialist with Spanish and English – Bucharest, on site",,scraped,2026-07-07T03:03:44.884948,
5dadb5d6c580701d,https://ro.linkedin.com/jobs/view/lucr%C4%83tor-comercial-bucure%C8%99ti-barbu-v%C4%83c%C4%83rescu-f-m-at-undelucram-ro-4435704737,Lucrător Comercial București Barbu Văcărescu (f/m),Undelucram.ro,posted,2026-07-07T03:04:14.089221,204
79f7de4c4fed0268,https://ro.linkedin.com/jobs/view/product-owner-open-banking-%40ing-hubs-ro-at-hipo-ro-4436783509,Product Owner - Open Banking @ING Hubs Ro,,scraped,2026-07-07T03:04:16.607689,
16e4198a0db7ff8e,https://ro.linkedin.com/jobs/view/lucr%C4%83tor-comercial-ramnicul-s%C4%83rat-2-at-mega-image-ahold-delhaize-group-4418108728,Lucrător comercial - Ramnicul Sărat 2,,scraped,2026-07-07T03:04:26.224862,
7411cd3e1e743bf1,https://ro.linkedin.com/jobs/view/lucrator-comercial-monaco-tower-at-mega-image-ahold-delhaize-group-4418068619,Lucrator comercial Monaco Tower,,scraped,2026-07-07T03:04:32.938645,
9d7c16f9a0388e45,https://ro.linkedin.com/jobs/view/junior-collections-specialist-with-hungarian-at-deloitte-4422286398,Junior Collections Specialist with Hungarian,Deloitte,posted,2026-07-07T03:04:54.962035,206
20c1c196ccd5316a,https://ro.linkedin.com/jobs/view/administrative-facilities-associate-at-concentrix-4423673476,Administrative & Facilities Associate,,scraped,2026-07-07T03:04:57.640196,
f6bc92d1faf1be5f,https://ro.linkedin.com/jobs/view/senior-regional-it-locations-coordinator-tires-at-undelucram-ro-4435710464,Senior Regional IT Locations Coordinator - Tires,Undelucram.ro,posted,2026-07-07T03:05:26.548342,208
6c8c9b66dff96378,https://ro.linkedin.com/jobs/view/referent-farmacolog-dr-max-timi%C8%99oara-at-undelucram-ro-4434399184,Referent Farmacolog Dr. Max Timișoara,Undelucram.ro,posted,2026-07-07T03:05:39.522204,210
e48240833221e342,https://ro.linkedin.com/jobs/view/delivery-manager-agile-delivery-cross-topics-acceleration-at-raiffeisen-bank-romania-4436328993,Delivery Manager Agile Delivery Cross Topics Acceleration,,scraped,2026-07-07T03:05:42.202891,
9a024b73e656d4c4,https://ro.linkedin.com/jobs/view/consultant-tehnic-vanzari-b2b-at-hipo-ro-4436783520,Consultant Tehnic Vanzari B2B,,scraped,2026-07-07T03:05:50.490062,
c9207cfc71cdc0e3,https://ro.linkedin.com/jobs/view/junior-customer-support-returns-specialist-with-spanish-at-prohuman-romania-4435577702,Junior Customer Support (Returns) Specialist with Spanish,,scraped,2026-07-07T03:05:59.197138,
2974d62fc8188951,https://ro.linkedin.com/jobs/view/public-affairs-lead-at-ursus-breweries-4435213339,PUBLIC AFFAIRS LEAD,,scraped,2026-07-07T03:06:08.065882,
92d17c6a6cc0ec87,https://ro.linkedin.com/jobs/view/implementation-engineer-at-digitalgenius-4435119435,Implementation Engineer,,scraped,2026-07-07T03:06:20.280663,
6fcb468a2e386735,https://ro.linkedin.com/jobs/view/explore-product-industrialization-trainee-tires-at-undelucram-ro-4435403065,eXplore Product Industrialization Trainee - Tires,Undelucram.ro,posted,2026-07-07T03:06:36.913938,212
b85d7525a448fa63,https://ro.linkedin.com/jobs/view/local-area-network-support-specialist-at-cure-it-solutions-ltd-4433918751,Local Area Network Support Specialist,,scraped,2026-07-07T03:06:39.527344,
064da13a316f56b1,https://ro.linkedin.com/jobs/view/supply-chain-co-founder-head-of-engineering-100-%25-remote-m-f-d-at-ewor-4435488000,Supply Chain Co-Founder / Head of Engineering (100 % remote) (m/f/d),,scraped,2026-07-07T03:06:46.362050,
b86d15b7969400a7,https://ro.linkedin.com/jobs/view/international-financial-accountant-at-axon-4427197630,International Financial Accountant,,scraped,2026-07-07T03:06:53.261927,
e4924d9cd899c7d0,https://ro.linkedin.com/jobs/view/ai-product-manager-at-ocean-technologies-group-4428761598,AI Product Manager,,scraped,2026-07-07T03:07:19.424316,
b44658405480454f,https://ro.linkedin.com/jobs/view/brand-designer-at-jobgether-4435774833,Brand Designer,,scraped,2026-07-07T12:23:11.580769,
062469a48188215e,https://ro.linkedin.com/jobs/view/office-manager-at-veo-worldwide-services-4437146569,Office Manager,,scraped,2026-07-07T12:23:18.120512,
948788e08e0d8adf,https://ro.linkedin.com/jobs/view/emergency-situations-specialist-at-ecolab-4427504383,Emergency Situations Specialist,Ecolab,posted,2026-07-07T12:23:35.335580,214
91f8b377c91531ff,https://ro.linkedin.com/jobs/view/operator-4432359637,Operator,Alternative Business Concept,posted,2026-07-07T12:23:50.938160,216
24df7c835847465f,https://ro.linkedin.com/jobs/view/operator-dana-at-sgs-4433173296,Operator Dana,,scraped,2026-07-07T12:23:53.604312,
a0737581040ba439,https://ro.linkedin.com/jobs/view/planner-at-bmt-aerospace-4433794103,Planner,,scraped,2026-07-07T12:24:00.238234,
8ed9ce92e9cb5180,https://ro.linkedin.com/jobs/view/operator-utilitati-at-pepsico-4433168899,Operator utilitati,PepsiCo,posted,2026-07-07T12:24:22.974065,218
e66ed8ac373906a1,https://ro.linkedin.com/jobs/view/associate-director-examinations-at-doncaster-college-4429461301,Associate Director (Examinations),,scraped,2026-07-07T12:24:25.664381,
e00da4d53fb80f8a,https://ro.linkedin.com/jobs/view/surveyor-at-my-recruit-4435019607,Surveyor,,scraped,2026-07-07T12:24:34.420029,
d6c374734d60aa87,https://ro.linkedin.com/jobs/view/claims-specialist-at-webuild-4434540362,Claims Specialist,,scraped,2026-07-07T12:24:42.944219,
dc8e303aaae4d774,https://ro.linkedin.com/jobs/view/merchandiser-philip-morris-piatra-neamt-at-interbrands-orbico-4433161605,Merchandiser - Philip Morris - Piatra Neamt,,scraped,2026-07-07T12:24:50.150246,
5319e17fc51f5274,https://ro.linkedin.com/jobs/view/payroll-specialist-at-gxo-logistics-inc-4433937202,Payroll Specialist,"GXO Logistics, Inc.",posted,2026-07-07T12:25:06.898101,220
c3a867328f4a5b49,https://ro.linkedin.com/jobs/view/macaragiu-at-kronospan-4437409105,Macaragiu,,scraped,2026-07-07T12:25:09.538090,
9d832d6e84c42835,https://ro.linkedin.com/jobs/view/expeditor-transport-international-at-routier-european-transport-4432795183,Expeditor transport international,,scraped,2026-07-07T12:25:17.010146,
014a287645e24471,https://ro.linkedin.com/jobs/view/stivuitorist-at-siemens-4425859174,Stivuitorist,Siemens,posted,2026-07-07T12:25:32.077477,222
c7cb1b86eec2e05f,https://ro.linkedin.com/jobs/view/plants-tools-technician-assembler-at-alstom-4428943799,Plants & Tools Technician / Assembler,,scraped,2026-07-07T12:25:34.594549,
f092c99ae9ef0a10,https://ro.linkedin.com/jobs/view/project-manager-at-paralos-energy-4434522645,Project Manager,,scraped,2026-07-07T12:25:57.556257,
a213349ad4eabb03,https://ro.linkedin.com/jobs/view/document-reviewer-remote-at-yo-it-consulting-4437721290,Document Reviewer - Remote,,scraped,2026-07-07T12:26:09.305398,
bf8d01f77f95297b,https://ro.linkedin.com/jobs/view/technical-program-manager-at-taktile-4436794286,Technical Program Manager,Taktile,posted,2026-07-07T12:26:25.014515,224
c4ae533c26768a9d,https://ro.linkedin.com/jobs/view/crane-installation-tci-coordinator-at-yilnak-4432792701,Crane & Installation / TCI Coordinator,,scraped,2026-07-07T12:26:27.749846,
b7fafd097a93a1ac,https://ro.linkedin.com/jobs/view/field-services-officer-m-f-d-at-greencells-group-4429643539,Field Services Officer (m/f/d),,scraped,2026-07-07T12:26:35.028120,
3ef97481e51475d6,https://ro.linkedin.com/jobs/view/editor-sociology-work-from-home-at-cactus-communications-4432373226,"Editor, Sociology (Work-from-home)",,scraped,2026-07-07T12:26:43.855790,
c6a2a2fbe40459df,https://ro.linkedin.com/jobs/view/va-ve-controller-at-mahle-4436754120,VA\VE Controller,,scraped,2026-07-07T12:26:52.118459,
2847ac3f4e3c2c28,https://ro.linkedin.com/jobs/view/customs-specialist-m-f-d-at-dsv-global-transport-and-logistics-4435436263,Customs Specialist (M/F/D),,scraped,2026-07-07T12:26:59.885684,
499516a7d23261f7,https://ro.linkedin.com/jobs/view/consultant-financiar-at-kunden-broker-4433942146,Consultant financiar,,scraped,2026-07-07T12:27:07.015914,
87ca80386432f352,https://ro.linkedin.com/jobs/view/buyer-at-damen-4417056764,Buyer,,scraped,2026-07-07T12:27:15.627270,
baca243bf921324c,https://ro.linkedin.com/jobs/view/junior-physical-security-specialist-at-bitdefender-4427968321,Junior Physical Security Specialist,,scraped,2026-07-07T12:27:23.034709,
32a5f1724cb171a3,https://ro.linkedin.com/jobs/view/coordonator-patch-management-ot-at-veolia-rom%C3%A2nia-4437762814,Coordonator Patch Management OT,,scraped,2026-07-07T12:27:30.502241,
e232f88ebb832e6a,https://ro.linkedin.com/jobs/view/payroll-specialist-at-paralela45-turism-s-a-4437435115,Payroll Specialist,Paralela45 Turism S.A.,posted,2026-07-07T12:28:19.809250,220
a2cf5f46d9f7a076,https://ro.linkedin.com/jobs/view/senior-total-rewards-expert-m-w-d-at-purem-by-ebersp%C3%A4cher-4435410945,(Senior) Total Rewards Expert (m/w/d),,scraped,2026-07-07T12:28:22.504572,
6c4eeef8895237fe,https://ro.linkedin.com/jobs/view/devops-engineer-at-igt-4435029815,DevOps Engineer,IGT,posted,2026-07-07T12:28:37.448465,226
f4ba0bf70f9d3682,https://ro.linkedin.com/jobs/view/store-manager-at-stradivarius-4436553228,Store Manager,,scraped,2026-07-07T12:28:40.065252,
5a5eafe3b653cc72,https://ro.linkedin.com/jobs/view/sales-operations-planner-at-foxway-4435225024,Sales & Operations Planner,Foxway,posted,2026-07-07T12:28:58.229098,228
96afe01e57113493,https://ro.linkedin.com/jobs/view/production-planner-serial-at-versigent-4394311398,Production Planner Serial,Versigent,posted,2026-07-07T12:29:08.319676,230
b1b720f114f815f1,https://ro.linkedin.com/jobs/view/%E3%82%AD%E3%83%A3%E3%83%B3%E3%83%9A%E3%83%BC%E3%83%B3%E6%8E%A8%E9%80%B2%E6%8B%85%E5%BD%93-at-demae-can-4436925666,キャンペーン推進担当,,scraped,2026-07-07T12:29:11.053011,
28ed385748589ac7,https://ro.linkedin.com/jobs/view/gestionar-depozit-2-schimburi-at-solero-technologies-4434526303,Gestionar depozit - 2 schimburi,Solero Technologies,posted,2026-07-07T12:29:30.318670,232
8d734a51d183585d,https://ro.linkedin.com/jobs/view/manager-magazin-tulcea-f-m-at-lidl-rom%C3%A2nia-4436560798,Manager Magazin Tulcea (f/m),,scraped,2026-07-07T12:29:32.728020,
4e7e3423b07a4ec7,https://ro.linkedin.com/jobs/view/masterdata-specialist-fixed-term-contract-2-years-at-farmexim-4436723297,Masterdata Specialist (Fixed-Term Contract 2 Years),,scraped,2026-07-07T12:29:40.105818,
a2099917baa630c4,https://ro.linkedin.com/jobs/view/customer-service-agent-at-novartis-rom%C3%A2nia-4416139018,Customer Service Agent,Novartis România,posted,2026-07-07T12:29:59.954117,234
d20d92190a829c4c,https://ro.linkedin.com/jobs/view/customs-product-specialist-at-a-p-moller-maersk-4436360970,Customs Product Specialist,,scraped,2026-07-07T12:30:02.674312,
2a5e0fd739c2e2e7,https://ro.linkedin.com/jobs/view/lider-performan%C8%9B%C4%83-magazin-sibiu-at-leroy-merlin-4436717759,Lider Performanță Magazin Sibiu,,scraped,2026-07-07T12:30:09.170977,
07743163c4a5763f,https://ro.linkedin.com/jobs/view/validation-specialist-at-zentiva-4430935214,Validation Specialist,,scraped,2026-07-07T12:30:16.677944,
4009952778d28aef,https://ro.linkedin.com/jobs/view/workday-hcm-consultant-deloitte-technology-delivery-center-at-deloitte-4423628948,Workday HCM Consultant | Deloitte Technology Delivery Center,Deloitte,posted,2026-07-07T12:30:34.451689,236
854f509a2930a90e,https://ro.linkedin.com/jobs/view/associate-researcher-yardi-matrix-at-yardi-romania-4423517026,Associate Researcher (Yardi Matrix),Yardi Romania,posted,2026-07-07T12:30:48.644377,238
b58440f0c39aadc5,https://ro.linkedin.com/jobs/view/id243719-audit-manager-%E2%80%93-timisoara-team-at-kpmg-romania-4408010772,ID243719 Audit Manager – Timisoara Team,KPMG Romania,posted,2026-07-07T12:30:59.478983,240
670aae4a28f91083,https://ro.linkedin.com/jobs/view/sef-agentie-calarasi-at-patria-bank-4436343444,SEF AGENTIE CALARASI,Patria Bank,posted,2026-07-07T12:31:10.229128,242
cb9a35c53a3ab956,https://ro.linkedin.com/jobs/view/professional-early-collections-with-flemish-and-english-%E2%80%93-bucharest-on-site%09-at-concentrix-4437739532,"Professional Early Collections with Flemish and English – Bucharest, on site",Concentrix,posted,2026-07-07T12:31:20.179705,244
c246d98cd09744d8,https://ro.linkedin.com/jobs/view/field-specialist-ii-digital-solutions-at-weatherford-4427098684,Field Specialist II - Digital Solutions,Weatherford,posted,2026-07-07T12:31:37.828808,246
5e44258e0f5eca18,https://ro.linkedin.com/jobs/view/bartender-at-chumash-enterprises-4434609256,Bartender,Chumash Enterprises,posted,2026-07-07T12:31:47.082162,248
2471c0917658aefe,https://ro.linkedin.com/jobs/view/warehouse-responsible-gestionar-buzau-at-bunge-4426337539,Warehouse Responsible (Gestionar) - Buzau,Bunge,posted,2026-07-07T12:31:56.982991,250
030d0629c5502e56,https://ro.linkedin.com/jobs/view/sudor-at-kronospan-4437413047,Sudor,,scraped,2026-07-07T12:31:59.573636,
b6629446e50386be,https://ro.linkedin.com/jobs/view/personal-cur%C4%83%C8%9Benie-n%C4%83vodari-mamaia-nord-f-m-at-undelucram-ro-4435296400,Personal curățenie Năvodari  Mamaia Nord (f/m),Undelucram.ro,posted,2026-07-07T12:32:18.818581,252
df455cbf3b5a4121,https://ro.linkedin.com/jobs/view/merchandiser-tobacco-craiova-at-interbrands-orbico-4432396089,Merchandiser - Tobacco - Craiova,,scraped,2026-07-07T12:32:21.509854,
332a12163ec62243,https://ro.linkedin.com/jobs/view/operator-termene-de-valabilitate-media%C8%99-aurel-vlaicu-f-m-at-undelucram-ro-4435714324,Operator termene de valabilitate Mediaș Aurel Vlaicu (f/m),Undelucram.ro,posted,2026-07-07T12:32:46.242251,254
84747d3fd8f53349,https://ro.linkedin.com/jobs/view/specialist-planograme-at-undelucram-ro-4436276402,Specialist Planograme,Undelucram.ro,posted,2026-07-07T12:33:02.639112,256
4d5c060cbaeed400,https://ro.linkedin.com/jobs/view/english-speaking-game-presenter-at-the-lemon-consulting-4434607059,English speaking Game Presenter,The Lemon Consulting,posted,2026-07-07T12:33:09.414308,22
601e4da549051a71,https://ro.linkedin.com/jobs/view/merchandiser-p-g-craiova-at-interbrands-orbico-4423665212,Merchandiser - P&G - Craiova,,scraped,2026-07-07T12:33:12.153520,
f2f7092b547e91f1,https://ro.linkedin.com/jobs/view/english-speaking-game-presenter-at-savior-artigos-texteis-lda-4435776616,English-Speaking Game Presenter,,scraped,2026-07-07T12:33:19.179924,
21194ed21d1d1955,https://ro.linkedin.com/jobs/view/project-product-manager-istanbul-t%C3%BCrkiye-at-lc-waikiki-4432378537,Project Product Manager/Istanbul Türkiye,LC Waikiki,posted,2026-07-07T12:33:39.366870,258
ebb17736ceb6feaa,https://ro.linkedin.com/jobs/view/medical-manager-medical-advisor-at-beiersdorf-4379846230,Medical Manager/Medical Advisor,,scraped,2026-07-07T12:33:42.009288,
686bb21bca82ceaa,https://ro.linkedin.com/jobs/view/compliance-analyst-freelance-ai-trainer-at-mindrift-4432351127,Compliance Analyst - Freelance AI Trainer,Mindrift,posted,2026-07-07T12:33:58.458611,260
e6c82f701b154a56,https://ro.linkedin.com/jobs/view/analist-achizitii-junior-at-farmaciile-dona-4425831421,Analist Achizitii Junior,Farmaciile DONA,posted,2026-07-07T12:34:20.152035,262
3eb9f7580fc1b4b8,https://ro.linkedin.com/jobs/view/department-manager-cotroceni-at-lefties-4435217382,DEPARTMENT MANAGER COTROCENI,,scraped,2026-07-07T12:34:22.893521,
474f006c285f23d3,https://ro.linkedin.com/jobs/view/senior-onboarding-client-services-specialist-at-jobgether-4432368566,Senior Onboarding Client Services Specialist,,scraped,2026-07-07T12:34:29.306120,
35b1a20da75d0a77,https://ro.linkedin.com/jobs/view/specialist-mechanical-engineering-at-omv-petrom-4429545941,Specialist Mechanical Engineering,,scraped,2026-07-07T12:34:36.008048,
ca694cedace4272a,https://ro.linkedin.com/jobs/view/head-of-security-operations-at-jobgether-4435422824,Head of Security Operations,,scraped,2026-07-07T12:34:43.309859,
bb8a695be3fd3025,https://ro.linkedin.com/jobs/view/lucrator-comercial-mi-jilava-at-mega-image-ahold-delhaize-group-4418102966,Lucrator comercial -MI Jilava,,scraped,2026-07-07T12:34:51.673786,
3b061efcf01372e7,https://ro.linkedin.com/jobs/view/montator-subansamble-at-schaeffler-4405148533,Montator subansamble,Schaeffler,posted,2026-07-07T12:35:10.796923,264
fc3d1b08ca23aa68,https://ro.linkedin.com/jobs/view/operator-musa-strungar-at-airbus-4374858362,Operator MUSA strungar,Airbus,posted,2026-07-07T12:35:22.260480,266
64cd6477fe451a10,https://ro.linkedin.com/jobs/view/v%C3%A2nz%C4%83tor-codlea-f-m-at-undelucram-ro-4434390361,Vânzător Codlea (f/m),Undelucram.ro,posted,2026-07-07T12:35:35.531573,268
eafb0b947dfe8919,https://ro.linkedin.com/jobs/view/montator-subansamble-at-schaeffler-4432342213,Montator subansamble,Schaeffler,scraped,2026-07-07T12:35:42.723693,
72f96c1d8f5700d0,https://ro.linkedin.com/jobs/view/trade-activator-philip-morris-focsani-at-interbrands-orbico-4432348173,Trade Activator - Philip Morris - Focsani,,scraped,2026-07-07T12:35:47.170862,
ceed8cf73cde8031,https://ro.linkedin.com/jobs/view/product-manager-%E2%80%93-bloc-ceramic-at-undelucram-ro-4436266799,Product Manager – Bloc Ceramic,Undelucram.ro,posted,2026-07-07T12:36:04.750534,270
346b2ffe5786ddae,https://ro.linkedin.com/jobs/view/management-traineeship-ploiesti-at-mainfreight-europe-4262154469,Management Traineeship Ploiesti,,scraped,2026-07-07T12:36:07.369184,
a56d5c8801920e2b,https://ro.linkedin.com/jobs/view/kfc-slobozia-caut%C4%83-manager-de-tura-%23pebune%21-at-undelucram-ro-4435711412,KFC Slobozia caută manager de tura #pebune!,Undelucram.ro,posted,2026-07-07T12:36:27.418114,272
c09c59df7b21db74,https://ro.linkedin.com/jobs/view/consulting-analyst-part-time-or-full-time-at-roland-berger-4434514730,Consulting Analyst (Part-time or Full-time),,scraped,2026-07-07T12:36:32.082689,
aff30d0c97d9fe79,https://ro.linkedin.com/jobs/view/team-manager-at-hipo-ro-4435189487,Team Manager,,scraped,2026-07-07T12:36:39.008933,
742d5f178d82da5f,https://ro.linkedin.com/jobs/view/english-speaking-game-presenter-for-bucharest-office-at-the-lemon-consulting-4434394508,English speaking Game Presenter for Bucharest office,The Lemon Consulting,posted,2026-07-07T12:36:49.339326,32
b4ba468ee16ef336,https://ro.linkedin.com/jobs/view/assistant-manager-at-softimpera-4433916743,Assistant Manager,,scraped,2026-07-07T12:36:52.085810,
497d69ec0106da3a,https://ro.linkedin.com/jobs/view/claims-processing-agent-freelance-ai-trainer-at-mindrift-4432377748,Claims Processing Agent - Freelance AI Trainer,Mindrift,posted,2026-07-07T12:37:05.630187,274
e19c3a7d8a644309,https://ro.linkedin.com/jobs/view/area-sales-manager-at-undelucram-ro-4435711416,Area Sales Manager,Undelucram.ro,posted,2026-07-07T12:37:17.724777,276
d3c33c1c45e00914,https://ro.linkedin.com/jobs/view/technical-procurement-manager-at-ccn-holding-4435559080,Technical Procurement Manager,,scraped,2026-07-07T12:37:20.421534,
de271f9c2d649d53,https://ro.linkedin.com/jobs/view/jr-sales-development-representative-france-at-bitdefender-4398367233,Jr. Sales Development Representative France,,scraped,2026-07-07T12:37:27.325049,
daab5b431b4f50b4,https://ro.linkedin.com/jobs/view/romanian-linguistic-projects-remote-sigma-ai-at-sigma-ai-4434657762,Romanian Linguistic Projects (Remote) -- Sigma AI,Sigma AI,posted,2026-07-07T12:37:40.975242,278
712cc3adb806684f,https://ro.linkedin.com/jobs/view/product-manager-at-airportlabs-4437136991,Product Manager,,scraped,2026-07-07T12:37:59.735658,
c0d59f57484b3f11,https://ro.linkedin.com/jobs/view/english-speaking-game-presenter-for-bucharest-office-at-the-lemon-consulting-4434389688,English speaking Game Presenter for Bucharest office,The Lemon Consulting,posted,2026-07-07T12:38:08.642948,32
7044efa6b856521e,https://ro.linkedin.com/jobs/view/internship-hr-administrativ-at-horse-powertrain-4435460030,Internship HR Administrativ,,scraped,2026-07-07T12:38:11.297861,
1739c6df7f1b8352,https://ro.linkedin.com/jobs/view/key-account-manager-at-beiersdorf-4432360608,Key Account Manager,,scraped,2026-07-07T12:38:18.846009,
a464063c34496a24,https://ro.linkedin.com/jobs/view/casino-supervisor-at-royal-caribbean-group-4435044212,Casino Supervisor,Royal Caribbean Group,posted,2026-07-07T12:38:31.335889,280
01e6fca4502a62cf,https://ro.linkedin.com/jobs/view/clinical-trial-coordinator-at-icon-strategic-solutions-4437148684,Clinical Trial Coordinator,,scraped,2026-07-07T12:38:33.953293,
91aab1e71793a0e6,https://ro.linkedin.com/jobs/view/python-engineer-at-jobgether-4435420013,Python Engineer,,scraped,2026-07-07T12:38:41.115185,
556685bbd92b5dff,https://ro.linkedin.com/jobs/view/senior-strategic-operations-manager-at-jobgether-4436523816,Senior Strategic Operations Manager,,scraped,2026-07-07T12:38:47.594034,
f6c916be80f6f099,https://ro.linkedin.com/jobs/view/hod-finance-controlling-gs-at-omv-petrom-4434978436,HoD Finance&Controlling GS,,scraped,2026-07-07T12:38:54.210669,
170e7b1279d615b2,https://ro.linkedin.com/jobs/view/quality-control-laboratory-technician-at-m-d-talent-solutions-4433971431,Quality Control Laboratory Technician,M&amp;D Talent Solutions,posted,2026-07-07T12:39:08.287252,282
ed9882fdc8607f64,https://ro.linkedin.com/jobs/view/growth-marketing-manager-at-amplify-4435895411,Growth Marketing Manager,,scraped,2026-07-07T12:39:10.981537,
4e47c715b5f51ccc,https://ro.linkedin.com/jobs/view/machine-learning-engineer-at-nielseniq-4427488552,Machine Learning Engineer,NielsenIQ,posted,2026-07-07T12:39:24.840177,284
fdc8df282499b131,https://ro.linkedin.com/jobs/view/logistics-supervisor-at-cmc-europe-4432763562,Logistics Supervisor,,scraped,2026-07-07T12:39:27.212372,
b4e945589280e085,https://ro.linkedin.com/jobs/view/farmacist-dr-max-oradea-at-dr-max-romania-4435423769,"Farmacist Dr. Max, Oradea",,scraped,2026-07-07T12:39:34.023930,
864a7fd970be32d7,https://ro.linkedin.com/jobs/view/software-engineer-at-kroo-bank-4431932405,Software Engineer,,scraped,2026-07-07T12:39:42.525470,
98eb2aa30d97f430,https://ro.linkedin.com/jobs/view/sales-team-lead-at-spearhead-systems-4431927765,Sales Team Lead,,scraped,2026-07-07T12:39:49.398984,
7f234fe62e3ce2cd,https://ro.linkedin.com/jobs/view/specialist-administrare-baze-de-date-junior-f-m-at-undelucram-ro-4435283850,Specialist Administrare Baze de Date Junior (f/m),Undelucram.ro,posted,2026-07-07T12:40:06.866177,286
0d26342f3ac7ff27,https://ro.linkedin.com/jobs/view/specialist-process-engineering-at-omv-petrom-4429545938,Specialist Process Engineering,,scraped,2026-07-07T12:40:09.583441,
62faef5e4cdaa60b,https://ro.linkedin.com/jobs/view/customer-service-representative-at-undelucram-ro-4434383729,Customer Service Representative,Undelucram.ro,posted,2026-07-07T12:40:22.683279,86
193a00a004783fb3,https://ro.linkedin.com/jobs/view/inginer-automatist-bilstein-at-hipo-ro-4436788162,Inginer automatist - Bilstein,,scraped,2026-07-07T12:40:25.260124,
42f1d581637fd03d,https://ro.linkedin.com/jobs/view/finance-executive-at-skillrecruit-4432351712,Finance Executive,,scraped,2026-07-07T12:40:33.401240,
44a495507439e164,https://ro.linkedin.com/jobs/view/country-digital-operations-coordinator-ikea-see-at-ikea-4436529502,"Country Digital Operations Coordinator, IKEA SEE",,scraped,2026-07-07T12:40:40.996369,
290c699688b3d8f6,https://ro.linkedin.com/jobs/view/clinical-research-associate-at-resourcing-group-4434522384,Clinical Research Associate,Resourcing Group,posted,2026-07-07T12:40:53.100514,288
d5c49d1d33e97328,https://ro.linkedin.com/jobs/view/compliance-analyst-at-paymentology-4436355112,Compliance Analyst,,scraped,2026-07-07T12:40:55.745932,
85b6600852822c05,https://ro.linkedin.com/jobs/view/technical-support-specialist-at-spearhead-systems-4431934664,Technical Support Specialist,,scraped,2026-07-07T12:41:02.794280,
40007bbb0f977208,https://ro.linkedin.com/jobs/view/biochimist-nutritionist-vanzare-suplimente-premium-part-time-at-hipo-ro-4436768928,Biochimist / Nutritionist Vanzare Suplimente Premium (Part-time),,scraped,2026-07-07T12:41:09.433843,
531e1bd6ce22bf4f,https://ro.linkedin.com/jobs/view/tehnician-telecomunicatii-at-e-infra-4437439954,Tehnician Telecomunicatii,,scraped,2026-07-07T12:41:19.500236,
dad98a4d6c96bdf8,https://ro.linkedin.com/jobs/view/analist-depozitare-directia-titluri-serviciul-depozitare-at-brd-groupe-societe-generale-4435831247,Analist Depozitare- Directia Titluri/ Serviciul Depozitare,,scraped,2026-07-07T12:41:27.126747,
76110a27e7890730,https://ro.linkedin.com/jobs/view/promo-pricing-expert-at-mega-image-ahold-delhaize-group-4436498142,Promo & Pricing Expert,,scraped,2026-07-07T12:41:35.757413,
5ae10f08ff199351,https://ro.linkedin.com/jobs/view/booking-holdings-project-change-management-support-intern-at-undelucram-ro-4434391301,Booking Holdings - Project & Change Management Support Intern,Undelucram.ro,posted,2026-07-07T12:41:52.220819,290
e6f1419916a5a94d,https://ro.linkedin.com/jobs/view/purchasing-manager-at-procter-gamble-4433197334,Purchasing Manager,Procter &amp; Gamble,posted,2026-07-07T12:41:57.093584,30
402ccfc874382f9d,https://ro.linkedin.com/jobs/view/consultant-asigurari-generale-4434505862,Consultant asigurari generale,EasyMk,posted,2026-07-07T12:42:04.900813,292
500fce6c4cea2daf,https://ro.linkedin.com/jobs/view/as-t-specialist-at-novartis-rom%C3%A2nia-4425321354,AS&T Specialist,Novartis România,posted,2026-07-07T12:42:16.259750,294
699282a37b799ced,https://ro.linkedin.com/jobs/view/business-area-global-allocation-management-specialist-m-f-div-at-aumovio-4433071660,Business Area Global Allocation Management Specialist (m/f/div),,scraped,2026-07-07T12:42:18.988722,
f467057666ed0897,https://ro.linkedin.com/jobs/view/junior-consultant-eu-grants-at-indus-management-4383038607,Junior Consultant (EU grants),Indus Management,posted,2026-07-07T12:42:32.711151,296
c338562ee784ab19,https://ro.linkedin.com/jobs/view/applied-scientist-amazon-compliance-and-safety-services-at-amazon-4409185515,"Applied Scientist, Amazon Compliance and Safety Services",Amazon,posted,2026-07-07T12:42:40.900234,298
a403087be53bff1d,https://ro.linkedin.com/jobs/view/id246956-junior-auditor-%40-audit-delivery-academy-cluj-napoca-at-kpmg-romania-4428847212,ID246956 Junior Auditor @ Audit Delivery Academy Cluj-Napoca,KPMG Romania,posted,2026-07-07T12:42:51.271128,300
6e4f25b7fc7d492b,https://ro.linkedin.com/jobs/view/junior-economist-at-your-job-4432384659,Junior Economist,,scraped,2026-07-07T12:42:53.959434,
f2aa462ca0ab604d,https://ro.linkedin.com/jobs/view/business-sales-representative-at-orange-4435234045,Business Sales Representative,Orange,posted,2026-07-07T12:43:12.388828,302
0e9fd78af87f9c68,https://ro.linkedin.com/jobs/view/technical-service-specialist-ford-craiova-1-at-axalta-4398551253,"Technical Service Specialist, Ford, Craiova-1",Axalta,posted,2026-07-07T12:43:21.747519,304
1ab775467d13eabf,https://ro.linkedin.com/jobs/view/data-scientist-at-riverbed-technology-4303085698,Data Scientist,Riverbed Technology,posted,2026-07-07T12:43:26.667964,108
ffe8240e6a18518d,https://ro.linkedin.com/jobs/view/mid-level-customer-service-representative-supply-chain-at-undelucram-ro-4434395231,Mid level - Customer Service Representative (Supply Chain),Undelucram.ro,posted,2026-07-07T12:43:39.202136,306
230f81b50510670d,https://ro.linkedin.com/jobs/view/mechanical-design-internship-at-preh-group-4435274111,Mechanical Design Internship,,scraped,2026-07-07T12:43:43.860019,
f68020bbd95d4218,https://ro.linkedin.com/jobs/view/head-of-product-fraud-at-revolut-4296087214,Head of Product (Fraud),,scraped,2026-07-07T12:43:51.116666,
7b78df56c9c1c432,https://ro.linkedin.com/jobs/view/agent-call-center-at-hipo-ro-4437442655,Agent Call Center,,scraped,2026-07-07T12:43:59.695255,
dcd764082c3fdc14,https://ro.linkedin.com/jobs/view/farmacist-dr-max-oradea-at-undelucram-ro-4435404002,"Farmacist Dr. Max, Oradea",Undelucram.ro,posted,2026-07-07T12:44:20.021227,308
7e35519840da2eb3,https://ro.linkedin.com/jobs/view/security-operations-engineer-at-jobgether-4435423830,Security Operations Engineer,,scraped,2026-07-07T12:44:22.743039,
3031fe3492f8c071,https://ro.linkedin.com/jobs/view/search-operations-specialist-arabic-speaking-third-party-associate-at-tiktok-4415998601,Search Operations Specialist - Arabic Speaking (Third-Party Associate),TikTok,posted,2026-07-07T12:44:34.788060,310
4d87d154809d7420,https://ro.linkedin.com/jobs/view/penetration-tester-at-luxoft-romania-4436493932,Penetration Tester,,scraped,2026-07-07T12:44:37.456728,
fba406d3a4d79dbd,https://ro.linkedin.com/jobs/view/manager-hub-regional-nord-vest-at-confedera%C8%9Bia-patronal%C4%83-concordia-4433172705,Manager HUB Regional NORD - VEST,,scraped,2026-07-07T12:44:48.383014,
84cda500bb0e7e39,https://ro.linkedin.com/jobs/view/business-representative-at-smith-4407000004,Business Representative,Smith,posted,2026-07-07T12:45:02.634984,312
b0e5c8396b1408ab,https://ro.linkedin.com/jobs/view/human-resources-manager-at-panifcom-4434513608,Human Resources Manager,,scraped,2026-07-07T12:45:05.300062,
195d823232d67b65,https://ro.linkedin.com/jobs/view/sap-basis-at-thundersoft-4426050238,Sap Basis,,scraped,2026-07-07T12:45:14.068410,
1c8822f3492c672c,https://ro.linkedin.com/jobs/view/global-mobility-services-consultant-at-siemens-energy-4436532813,Global Mobility Services Consultant,Siemens Energy,posted,2026-07-07T12:45:29.754857,314
233aa7bd69570826,https://ro.linkedin.com/jobs/view/junior-auditor-at-bdo-romania-4436324687,Junior Auditor,,scraped,2026-07-07T12:45:32.444007,
1ffbf0d11fa2932d,https://ro.linkedin.com/jobs/view/talent-acquisition-specialist-at-mks-inc-4405557139,Talent Acquisition Specialist,MKS Inc.,posted,2026-07-07T12:45:45.535044,316
1f937c9fe4d53192,https://ro.linkedin.com/jobs/view/operator-montaj-fw-a350-at-airbus-4375272596,Operator Montaj FW A350,Airbus,posted,2026-07-07T12:46:00.485584,318
ad6bafd7a26e1fd4,https://ro.linkedin.com/jobs/view/operator-montaj-fw-a350-at-airbus-4375280553,Operator Montaj FW A350,Airbus,scraped,2026-07-07T12:46:06.119383,
635adedd8a108f35,https://ro.linkedin.com/jobs/view/sap-abap-developer-at-accenture-romania-4422052932,SAP ABAP Developer,Accenture Romania,posted,2026-07-07T12:46:24.260133,320
a04c3ab912e56da0,https://ro.linkedin.com/jobs/view/frezor-cnc-at-schaeffler-4426332248,Frezor CNC,Schaeffler,posted,2026-07-07T12:46:45.521621,322
b006a208259545a4,https://ro.linkedin.com/jobs/view/technical-lead-workday-recruiting-at-freudenberg-group-4436714846,Technical Lead Workday Recruiting,,scraped,2026-07-07T12:46:48.202869,
8e2a5fa9d094b784,https://ro.linkedin.com/jobs/view/casino-manager-at-royal-caribbean-group-4390911977,Casino Manager,Royal Caribbean Group,posted,2026-07-07T12:47:01.513580,324
ee4ce40c22ea9494,https://ro.linkedin.com/jobs/view/internal-auditor-fincrime-at-revolut-4435455873,Internal Auditor (FinCrime),,scraped,2026-07-07T12:47:04.309295,
f45b18c3610607b2,https://ro.linkedin.com/jobs/view/sales-operations-analyst-with-english-at-undelucram-ro-4435290554,Sales Operations Analyst with English,Undelucram.ro,posted,2026-07-07T12:47:20.913685,326
e78ac48452b1e015,https://ro.linkedin.com/jobs/view/sales-operations-analyst-with-english-at-undelucram-ro-4435403066,Sales Operations Analyst with English,Undelucram.ro,scraped,2026-07-07T12:47:28.670646,
52f4a5fb79e41a65,https://ro.linkedin.com/jobs/view/sales-operations-analyst-with-english-at-undelucram-ro-4435286643,Sales Operations Analyst with English,Undelucram.ro,scraped,2026-07-07T12:47:36.921105,
134cfd3ad780abe3,https://ro.linkedin.com/jobs/view/sales-operations-analyst-with-english-at-undelucram-ro-4435403064,Sales Operations Analyst with English,Undelucram.ro,scraped,2026-07-07T12:47:44.520533,
ea68ae318e027fc7,https://ro.linkedin.com/jobs/view/lucrator-comercial-crevedia-at-mega-image-ahold-delhaize-group-4400911701,Lucrator comercial Crevedia,,scraped,2026-07-07T12:47:47.270754,
7932e7ad957aa0bd,https://ro.linkedin.com/jobs/view/manufacturing-trainee-in-philip-morris-romania-on-site-start-date-august-2026-at-philip-morris-international-4436194726,"Manufacturing Trainee in Philip Morris Romania [on site, start date: august 2026]",,scraped,2026-07-07T12:47:53.701060,
b4612f2e7cd0fa7f,https://ro.linkedin.com/jobs/view/ai-developer-intern-it-internship-at-procter-gamble-4433959363,AI Developer Intern - IT Internship,Procter &amp; Gamble,posted,2026-07-07T12:48:07.680017,328
2d28652e2704ee2e,https://ro.linkedin.com/jobs/view/test-development-internship-at-nxp-semiconductors-4427005979,Test Development Internship,NXP Semiconductors,posted,2026-07-07T12:48:21.196039,330
7ac4b6b47e71f2de,https://ro.linkedin.com/jobs/view/electrical-field-engineer-renewable-energy-oradea-romania-at-confidential-4430877962,"Electrical Field Engineer | Renewable Energy | Oradea, Romania",Confidential,posted,2026-07-07T12:48:32.543319,332
7bae4392f9b70f54,https://ro.linkedin.com/jobs/view/hr-specialist-administrative-at-envipco-4422291018,HR Specialist / Administrative,,scraped,2026-07-07T12:48:35.197382,
123ef9c4a428b582,https://ro.linkedin.com/jobs/view/ad-operations-analyst-at-jobgether-4436531918,Ad Operations Analyst,,scraped,2026-07-07T12:48:41.979034,
7fffb72bd4797ef8,https://ro.linkedin.com/jobs/view/medical-scientific-liaison-at-novo-nordisk-4413359544,Medical Scientific Liaison,,scraped,2026-07-07T12:48:48.559062,
618a4b3d07b85dc6,https://ro.linkedin.com/jobs/view/regional-material-group-manager-emea-at-harting-technology-group-4427722130,Regional Material Group Manager EMEA,HARTING Technology Group,posted,2026-07-07T12:49:40.661245,334
4a3788c9acc5e991,https://ro.linkedin.com/jobs/view/data-scientist-for-e-mobility-cloud-solutions-at-undelucram-ro-4436282145,Data Scientist for (e-)Mobility Cloud Solutions,Undelucram.ro,posted,2026-07-07T12:49:52.709488,336
866ad5f1a8c6c66f,https://ro.linkedin.com/jobs/view/senior-ticketing-specialist-at-eturia-4433948523,Senior Ticketing Specialist,,scraped,2026-07-07T12:49:55.404888,
50681e5d48b282e0,https://ro.linkedin.com/jobs/view/jr-sales-development-representative-dach-at-bitdefender-4398352903,Jr. Sales Development Representative DACH,,scraped,2026-07-07T12:50:06.210647,
af85f584c13b252f,https://ro.linkedin.com/jobs/view/salesforce-developer-at-ibm-4413332597,Salesforce Developer,IBM,posted,2026-07-07T12:50:19.664207,338
30491faa3b882670,https://ro.linkedin.com/jobs/view/lucr%C4%83tor-comercial-ion-bogdan-at-mega-image-ahold-delhaize-group-4361234434,Lucrător comercial - Ion Bogdan,,scraped,2026-07-07T12:50:22.288767,
7cc3d655cd4e30b1,https://ro.linkedin.com/jobs/view/database-administrator-at-alium-4433189316,Database Administrator,,scraped,2026-07-07T12:50:29.871244,
a9d85065fe21c473,https://ro.linkedin.com/jobs/view/consumer-in-business-representative-d2d-iasi-at-vodafone-4432389768,"Consumer in Business Representative, D2D- Iasi",Vodafone,posted,2026-07-07T12:50:46.147049,340
ddeced1f61003a03,https://ro.linkedin.com/jobs/view/application-consultant-sap-ewm-at-dr%C3%A4xlmaier-group-4436550164,Application Consultant SAP EWM,,scraped,2026-07-07T12:50:48.811127,
b7abf81a67c836ca,https://ro.linkedin.com/jobs/view/business-consultant-at-nn-4432759708,Business Consultant,,scraped,2026-07-07T12:50:57.580376,
a895cd5125c65d7b,https://ro.linkedin.com/jobs/view/electromecanic-at-siemens-4417171174,Electromecanic,Siemens,posted,2026-07-07T12:51:11.557052,342
a53a2153042e5a88,https://ro.linkedin.com/jobs/view/recruitment-coordinator-at-broadridge-4436379171,Recruitment Coordinator,Broadridge,posted,2026-07-07T12:51:20.138649,344
000cf781a008bcc0,https://ro.linkedin.com/jobs/view/manager-urm%C4%83rire-lucr%C4%83ri-electricitate-at-delgaz-grid-4433941402,Manager Urmărire Lucrări Electricitate,,scraped,2026-07-07T12:51:22.702532,
ec393296676be6b1,https://ro.linkedin.com/jobs/view/field-service-technician-bucharest-at-nilfisk-4427986940,Field Service Technician - Bucharest,,scraped,2026-07-07T12:51:30.018367,
a66a17a9686230d0,https://ro.linkedin.com/jobs/view/retail-assistant-store-manager-at-showcase-home-of-the-hottest-trends-4436171095,Retail Assistant Store Manager,,scraped,2026-07-07T12:51:37.176618,
301a30af38936446,https://ro.linkedin.com/jobs/view/account-manager-tolling-and-new-england-at-cubic-digital-intelligence-4435596957,"Account Manager, Tolling and New England",Cubic Digital Intelligence,posted,2026-07-07T12:51:54.113919,346
2f1b3af575cfbaab,https://ro.linkedin.com/jobs/view/customer-adviser-remote-at-emag-4435843552,Customer Adviser - Remote,,scraped,2026-07-07T12:51:56.750063,
3b4aa0cf8cdf2c11,https://ro.linkedin.com/jobs/view/expert-employee-relations-compensation-and-benefits-at-tuborg-romania-4436753071,Expert Employee Relations & Compensation and Benefits,,scraped,2026-07-07T12:52:03.425112,
b065653e968c06ed,https://ro.linkedin.com/jobs/view/lucr%C4%83tor-comercial-at-action-4416914269,Lucrător Comercial,,scraped,2026-07-07T12:52:11.094408,
78f1603b0e6a83b6,https://ro.linkedin.com/jobs/view/%E6%B6%89%E5%A4%96%E5%AE%A1%E8%AE%A1%E7%BB%8F%E7%90%86-at-wanfeng-auto-holding-group-co-ltd-4435039904,涉外审计经理,Wanfeng Auto Holding Group Co. Ltd,failed|wp_post_failed,2026-07-07T12:52:28.249291,
be16bb931edf434b,https://ro.linkedin.com/jobs/view/search-operations-specialist-italian-speaking-third-party-associate-at-tiktok-4417573557,Search Operations Specialist - Italian Speaking (Third-Party Associate),TikTok,posted,2026-07-07T12:52:36.751733,348
500c619487cc269c,https://ro.linkedin.com/jobs/view/specialist-achizitii-subcontractori-at-aduro-4434515524,Specialist Achizitii - Subcontractori,,scraped,2026-07-07T12:52:45.544716,
8ef7540b63753a1e,https://ro.linkedin.com/jobs/view/platform-specialist-at-vois-4414807426,Platform Specialist,,scraped,2026-07-07T12:53:04.574168,
232841d170ee5f85,https://ro.linkedin.com/jobs/view/launch-manager-at-adient-4422299396,Launch Manager,Adient,posted,2026-07-07T12:53:17.689077,350
e4932c77128dda07,https://ro.linkedin.com/jobs/view/transport-specialist-at-nrf-nederlandse-radiateuren-fabriek-4435200960,Transport Specialist,,scraped,2026-07-07T12:53:20.300655,
3dab36ecb237823c,https://ro.linkedin.com/jobs/view/%E7%B5%8C%E9%A8%93%E8%80%85%E3%81%AE%E6%96%B9%E5%90%91%E3%81%91%E5%8B%9F%E9%9B%86%E8%A6%81%E9%A0%85-at-%E6%9D%B1%E4%BA%AC%E6%96%BD%E8%A8%AD%E5%B7%A5%E6%A5%AD%EF%BC%88%E6%A0%AA%EF%BC%89-4434353949,経験者の方向け募集要項,東京施設工業（株）,failed|wp_post_failed,2026-07-07T12:53:29.950381,
5a5b8cc1a1a242b5,https://ro.linkedin.com/jobs/view/business-development-executive-bucharest-at-fresha-4436710792,Business Development Executive - (Bucharest),,scraped,2026-07-07T12:53:34.644907,
00c4d155e835b8e4,https://ro.linkedin.com/jobs/view/project-manager-at-drop-zero-digital-4437153728,Project Manager,,scraped,2026-07-07T12:53:41.238945,
4691525c4033a402,https://ro.linkedin.com/jobs/view/transfer-pricing-senior-consultant-hybrid-at-ey-4385456722,Transfer Pricing Senior Consultant - Hybrid,EY,posted,2026-07-07T12:53:54.688058,352
dac9066909fe5620,https://ro.linkedin.com/jobs/view/electrician-ii-at-benchmark-4435568757,Electrician II,Benchmark,posted,2026-07-07T12:54:04.040293,354
12b587b1cdc09781,https://ro.linkedin.com/jobs/view/documentation-reporting-analyst-at-dp-world-4426817355,Documentation & Reporting Analyst,,scraped,2026-07-07T12:54:06.827448,
1c9b9daa9364cf4c,https://ro.linkedin.com/jobs/view/it-project-manager-at-cgi-4378614655,IT Project Manager,,scraped,2026-07-07T12:54:16.288198,
cf95501dcd8beff0,https://ro.linkedin.com/jobs/view/individueel-begeleider-jongeren-brugge-at-evara-4436366836,Individueel begeleider Jongeren - Brugge,,scraped,2026-07-07T12:54:23.213816,
c89c3df232687b4b,https://ro.linkedin.com/jobs/view/python-%2B-aws-at-jobgether-4436091598,Python + AWS,,scraped,2026-07-07T12:54:30.880289,
4824044d85431f3c,https://ro.linkedin.com/jobs/view/electrician-intretinere-si-reparatii-at-thyssenkrupp-4432396267,Electrician intretinere si reparatii,,scraped,2026-07-07T12:54:37.283131,
c65b42659a9b751d,https://ro.linkedin.com/jobs/view/customer-success-manager-at-n-able-4431958922,Customer Success Manager,N-able,posted,2026-07-07T12:54:49.854537,356
265563e11914f216,https://ro.linkedin.com/jobs/view/technical-writer-m-f-d-fix-term-contract-9-months-%E2%80%93-possibly-more-at-matrix42-4433155830,Technical Writer (m/f/d) -  Fix Term Contract (9 months) – possibly more,,scraped,2026-07-07T12:54:52.514494,
be2ed5cbeeb422e8,https://ro.linkedin.com/jobs/view/senior-technical-account-manager-at-jobgether-4436079861,Senior Technical Account Manager,,scraped,2026-07-07T12:54:58.944746,
636c805926abcdd9,https://ro.linkedin.com/jobs/view/area-sales-manager-international-b2b-card-south-region-at-mol-group-4435887887,"Area Sales Manager International B2B Card, South region",,scraped,2026-07-07T12:55:05.445712,
7e0fb0ab5e298f94,https://ro.linkedin.com/jobs/view/product-management-support-at-undelucram-ro-4434396207,Product Management Support,Undelucram.ro,posted,2026-07-07T12:55:23.902690,358
ec40b02cfe865e0e,https://ro.linkedin.com/jobs/view/shopper-activation-coordinator-at-danone-4436784057,Shopper Activation Coordinator,,scraped,2026-07-07T12:55:26.680000,
358c525f9640f90b,https://ro.linkedin.com/jobs/view/vendor-manager-at-appen-4436307773,Vendor Manager,Appen,posted,2026-07-07T12:55:39.190276,360
d35ab6b6f48ea6da,https://ro.linkedin.com/jobs/view/specialist-ssm-at-humangest-romania-4437778393,Specialist SSM,,scraped,2026-07-07T12:55:41.856488,
5439a85eb69fce64,https://ro.linkedin.com/jobs/view/credit-control-assistant-at-qodea-4437757222,Credit Control Assistant,,scraped,2026-07-07T12:56:01.422519,
9dba334a62769356,https://ro.linkedin.com/jobs/view/technical-customer-success-romania-at-aikido-security-4435416549,Technical Customer Success Romania,,scraped,2026-07-07T12:56:10.701012,
efa76d444467c680,https://ro.linkedin.com/jobs/view/property-host-at-win-advisors-4432773826,Property Host,,scraped,2026-07-07T12:56:23.250340,
26a18e27bd36a8b9,https://ro.linkedin.com/jobs/view/consultant-financiar-at-hipo-ro-4435304072,Consultant Financiar,,scraped,2026-07-07T12:56:30.771356,
9ed01c8a1193f227,https://ro.linkedin.com/jobs/view/senior-ai-business-analyst-at-smartx-net-apps-4437755612,Senior AI Business Analyst,,scraped,2026-07-07T12:56:46.286019,
747a168428055b2b,https://ro.linkedin.com/jobs/view/psp-financial-analyst-at-jobgether-4435472120,PSP Financial Analyst,,scraped,2026-07-07T12:56:53.307877,
4bfc3256f01cc07d,https://ro.linkedin.com/jobs/view/talent-partner-at-infosys-bpm-4433923634,Talent Partner,Infosys BPM,posted,2026-07-07T12:57:11.863917,362
0bfcf3d6f7908624,https://ro.linkedin.com/jobs/view/manager-operational-transport-at-borgovan-trans-4345476106,Manager Operational Transport,,scraped,2026-07-07T12:57:14.314985,
e07c438e1883e69c,https://ro.linkedin.com/jobs/view/tester-at-worldline-4427045615,Tester,,scraped,2026-07-07T12:57:22.736757,
7f5b5ce72c83381d,https://ro.linkedin.com/jobs/view/accountant-at-grafton-recruitment-4436502992,Accountant,,scraped,2026-07-07T12:57:33.436165,
161ed584e209d2b3,https://ro.linkedin.com/jobs/view/network-operations-center-engineer-at-rei-development-services-4435594961,Network Operations Center Engineer,,scraped,2026-07-07T12:57:40.927503,
99075fe5d5e197ff,https://ro.linkedin.com/jobs/view/production-engineer-test-at-preh-romania-4437185408,Production Engineer - Test,,scraped,2026-07-07T12:57:48.516648,
1708ce9a0c8f1d81,https://ro.linkedin.com/jobs/view/customer-service-team-lead-with-french-at-undelucram-ro-4434389350,Customer Service Team Lead with French,Undelucram.ro,posted,2026-07-07T12:58:05.888846,364
7a8ec682ad96d45a,https://ro.linkedin.com/jobs/view/hospital-specialist-romania-at-syneos-health-commercial-solutions-4417309591,Hospital Specialist - Romania,Syneos Health Commercial Solutions,posted,2026-07-07T12:58:15.544144,366
b5a6d209f2b72c56,https://ro.linkedin.com/jobs/view/risk-management-system-rms-internal-control-system-ics-senior-specialist-m-f-d-at-basf-4436741630,Risk Management System (RMS) & Internal Control System (ICS) Senior Specialist (m/f/d),,scraped,2026-07-07T12:58:18.247699,
e858cd9203ee488d,https://ro.linkedin.com/jobs/view/referent-at-evryo-4436513818,Referent,,scraped,2026-07-07T12:58:24.686253,
1a2dae69942b4645,https://ro.linkedin.com/jobs/view/junior-accounting-specialist-at-vertiv-4417733973,Junior Accounting Specialist,Vertiv,posted,2026-07-07T12:58:38.823996,368
e66f099959174651,https://ro.linkedin.com/jobs/view/emea-strategic-accounts-proposal-manager-at-vertiv-4417738886,EMEA Strategic Accounts Proposal Manager,Vertiv,posted,2026-07-07T12:58:47.822911,370
9626d13f9578bcdd,https://ro.linkedin.com/jobs/view/lucr%C4%83tor-comercial-pite%C8%99ti-prundu-f-m-at-undelucram-ro-4436279235,Lucrător Comercial Pitești Prundu (f/m),Undelucram.ro,posted,2026-07-07T12:58:59.762127,372
1a83e75e99127114,https://ro.linkedin.com/jobs/view/accounting-specialist-at-ic-i%CC%87%C3%A7ta%C5%9F-i%CC%87n%C5%9Faat-ic-ictas-construction-4434524179,Accounting specialist,IC İÇTAŞ İNŞAAT / IC ICTAS CONSTRUCTION,posted,2026-07-07T12:59:09.146045,374
ea2640ba5e65207e,https://ro.linkedin.com/jobs/view/real-estate-manager-at-action-4436489860,Real Estate Manager,,scraped,2026-07-07T12:59:11.795367,
94c998cfbb6dbfe3,https://ro.linkedin.com/jobs/view/vanzator-gura-ariesului-at-mega-image-ahold-delhaize-group-4416660293,Vanzator Gura Ariesului,,scraped,2026-07-07T12:59:19.848413,
6ed7de2148bc2016,https://ro.linkedin.com/jobs/view/web-business-analyst-at-infosys-4424873445,WEB Business Analyst,Infosys,posted,2026-07-07T12:59:37.915877,376
067c572bf0318e1c,https://ro.linkedin.com/jobs/view/asistent-manager-at-asocia%C8%9Bia-gal-napoca-porolissum-4433933945,Asistent manager,,scraped,2026-07-07T12:59:40.562743,
1274a558a2039a87,https://ro.linkedin.com/jobs/view/%F0%9F%93%A2-agent-imobiliar-real-estate-consultant-%E2%80%93-remax-properties-at-remax-properties-bucuresti-4433935266,📢 Agent Imobiliar / Real Estate Consultant – REMAX Properties,,scraped,2026-07-07T12:59:47.838062,
308a4f9307bfb8a0,https://ro.linkedin.com/jobs/view/software-engineering-team-lead-learnwith-ai-remote-%24200-000-year-usd-at-crossover-4434609031,"Software Engineering Team Lead, LearnWith.AI (Remote) - $200,000/year USD",Crossover,posted,2026-07-07T13:00:16.237079,378
08e5a56bd6a6c6a4,https://ro.linkedin.com/jobs/view/applied-scientist-amazon-compliance-and-safety-services-at-amazon-4436140263,"Applied Scientist, Amazon Compliance and Safety Services",Amazon,posted,2026-07-07T13:00:20.959391,298
9444a7e281d78ba0,https://ro.linkedin.com/jobs/view/retrofit-tehnician-at-alstom-4428932806,Retrofit tehnician,,scraped,2026-07-07T13:00:30.439992,
2bc0fe2b3b72cf9a,https://ro.linkedin.com/jobs/view/finops-lead-at-extia-4433947423,FinOps Lead,,scraped,2026-07-07T13:00:37.357984,
a86556c76f0b0c20,https://ro.linkedin.com/jobs/view/pharmacovigilance-officer-senior-level-position-at-primevigilance-4436199991,Pharmacovigilance Officer (senior level position),,scraped,2026-07-07T13:00:48.905101,
ee152004e1b244a4,https://ro.linkedin.com/jobs/view/sap-c4c-application-consultant-at-sansaone-4437743958,SAP C4C Application Consultant,,scraped,2026-07-07T13:00:56.619956,
d60198cb0824ddb5,https://ro.linkedin.com/jobs/view/application-engineer-at-hipo-ro-4436391659,Application Engineer,,scraped,2026-07-07T13:01:04.439797,
6c9c6cdfa98cab54,https://ro.linkedin.com/jobs/view/farmacist-diriginte-in-%C8%99andra-at-farmaciile-dona-4429947741,Farmacist Diriginte in Șandra,Farmaciile DONA,posted,2026-07-07T13:01:25.605768,380
6f9b237bad2ba297,https://ro.linkedin.com/jobs/view/quality-manager-renewables-fagaras-at-engie-romania-4437187147,Quality manager renewables (Fagaras),,scraped,2026-07-07T13:01:30.242975,
a0b59dbd7e0ef969,https://ro.linkedin.com/jobs/view/financial-controller-at-siemens-4406573045,Financial Controller,Siemens,posted,2026-07-07T13:01:46.236274,382
9e836691eaab10bd,https://ro.linkedin.com/jobs/view/accounting-specialist-at-ccn-altyap%C4%B1-yat%C4%B1r%C4%B1mlar%C4%B1-ve-i%CC%87n%C5%9Faat-a-%C5%9F-4437151984,Accounting Specialist,CCN Altyapı Yatırımları ve İnşaat A.Ş.,posted,2026-07-07T13:01:54.443114,374
89c9e8ef7d0e0150,https://ro.linkedin.com/jobs/view/sales-executive-exclusive-hiring-day-event-at-glovo-4425889219,Sales Executive - Exclusive Hiring Day Event,,scraped,2026-07-07T13:01:57.411599,
fc327b0e0bb502f0,https://ro.linkedin.com/jobs/view/ethical-hacking-specialist-bucharest-and-iasi-at-vois-4424898051,Ethical Hacking Specialist - Bucharest and Iasi,,scraped,2026-07-07T13:02:03.945714,
239bd54845c952c0,https://ro.linkedin.com/jobs/view/senior-talent-acquisition-specialist-at-abtran-4436089568,Senior Talent Acquisition Specialist,,scraped,2026-07-07T13:02:10.806188,
9200e3277ddb46d3,https://ro.linkedin.com/jobs/view/mes-engineer-at-bmt-aerospace-4433747153,MES Engineer,,scraped,2026-07-07T13:02:17.262081,
d085ba604b8f4219,https://ro.linkedin.com/jobs/view/hr-admin-with-spanish-at-worldline-4436487606,HR Admin with Spanish,,scraped,2026-07-07T13:02:26.227910,
58ec89b958a1e5dc,https://ro.linkedin.com/jobs/view/graduate-software-engineer-at-bending-spoons-4436241184,Graduate software engineer,,scraped,2026-07-07T13:02:37.074886,
dfab017f5537a3fd,https://ro.linkedin.com/jobs/view/contract-manager-at-massmutual-romania-4426227057,Contract Manager,,scraped,2026-07-07T13:02:43.645859,
0783f872f127223e,https://ro.linkedin.com/jobs/view/%E2%9A%BD-casting-call-bunici-nepo%C8%9Bi-sau-nepoate-familie-real%C4%83-fani-ai-echipei-de-fotbal-u-cluj-reclama-magazin-online-at-the-cast-list-by-onvogue-management-i-casting-talent-management-platform-4435839864,⚽ CASTING CALL - Bunici & nepoți sau nepoate (familie reală) - Fani ai echipei de fotbal U Cluj - Reclama - Magazin online,,scraped,2026-07-07T13:02:51.974739,
d790138f776dcaf0,https://ro.linkedin.com/jobs/view/marketing-manager-at-blu-selection-recruitment-agency-4437161173,Marketing Manager,,scraped,2026-07-07T13:02:59.509784,
949561f413d6d5de,https://ro.linkedin.com/jobs/view/database-administrator-at-jobgether-4436545256,Database Administrator,,scraped,2026-07-07T13:03:06.796396,
4960452b05ecdc0f,https://ro.linkedin.com/jobs/view/software-engineer-ai-training-at-alignerr-4435366358,Software Engineer (AI Training),Alignerr,posted,2026-07-07T13:03:20.119851,384
b79a908bfeecd554,https://ro.linkedin.com/jobs/view/junior-consultant-at-roland-berger-4434524423,Junior Consultant,,scraped,2026-07-07T13:03:23.062178,
c6c936d7715cd286,https://ro.linkedin.com/jobs/view/civil-engineer-at-green-energy-engineering-4434547139,Civil Engineer,Green Energy Engineering,posted,2026-07-07T13:03:36.316874,386
a9ca7cc89427f96e,https://ro.linkedin.com/jobs/view/machine-learning-engineer-at-adobe-4427495179,Machine Learning Engineer,Adobe,posted,2026-07-07T13:03:41.898354,284
36ea1a98eda19d2c,https://ro.linkedin.com/jobs/view/project-management-officer-%E2%80%93-digital-solutions-at-siemens-energy-4434652512,Project Management Officer – Digital Solutions,Siemens Energy,posted,2026-07-07T13:03:51.287265,388
8f5378547754ca27,https://ro.linkedin.com/jobs/view/pre-sales-sales-engineer-f-m-d-remote-europe-at-otera-4436210211,Pre sales/ Sales Engineer (f/m/d)- Remote Europe,,scraped,2026-07-07T13:03:58.256178,
d4eb176640ad588c,https://ro.linkedin.com/jobs/view/project-manager-at-siemens-energy-4436229432,Project Manager,Siemens Energy,posted,2026-07-07T13:04:11.145386,390
c76481ee0a7d87ac,https://ro.linkedin.com/jobs/view/data-architect-all-genders-at-diconium-4432571532,Data Architect (All genders),,scraped,2026-07-07T13:04:15.776649,
bc16d0bd5ca9a2fe,https://ro.linkedin.com/jobs/view/manager-learning-and-development-at-precision-medicine-group-4426616356,"Manager, Learning and Development",Precision Medicine Group,posted,2026-07-07T13:04:29.453380,392
5ad80d7be97fcc65,https://ro.linkedin.com/jobs/view/junior-accounts-payable-accountant-tabs-at-continental-4436729939,Junior Accounts Payable Accountant - TABS,,scraped,2026-07-07T13:04:32.187937,
53134a6e7adf747b,https://ro.linkedin.com/jobs/view/associate-technical-director-structures-at-arcadis-4375206995,Associate Technical Director - Structures,,scraped,2026-07-07T13:04:39.970983,
4f1249c9c058719a,https://ro.linkedin.com/jobs/view/sales-advisor-giurgiu-at-vodafone-4433945918,Sales Advisor - Giurgiu,Vodafone,posted,2026-07-07T13:04:57.694647,394
66fad375e8b30f89,https://ro.linkedin.com/jobs/view/manager-cariera-tasaul-at-romcim-a-crh-company-4436709542,Manager Cariera Tasaul,,scraped,2026-07-07T13:05:00.471366,
46a26c04820933cb,https://ro.linkedin.com/jobs/view/junior-av-producer-at-leo-burnett-4432345108,Junior AV Producer,Leo Burnett,posted,2026-07-07T13:05:15.067696,396
31b6b2c320fb5426,https://ro.linkedin.com/jobs/view/sales-specialist-at-gizli-%C5%9Firket-4434501882,Sales Specialist,Gizli Şirket,posted,2026-07-07T13:05:23.515091,398
e7af6a8bce4ba67c,https://ro.linkedin.com/jobs/view/senior-economist-at-evergent-investments-4436304146,Senior Economist,,scraped,2026-07-07T13:05:28.093501,
5909fcc0bf18ddf3,https://ro.linkedin.com/jobs/view/senior-closer-4433797548,Senior Closer,Profitway Academy.,posted,2026-07-07T13:05:45.974731,400
7a5bcfc6697ad3f8,https://ro.linkedin.com/jobs/view/talent-acquisition-analyst-fixed-period-of-one-year-at-deutsche-bank-4436735217,Talent Acquisition Analyst (Fixed period of one year),,scraped,2026-07-07T13:05:48.873833,
27bccf5c6bc40681,https://ro.linkedin.com/jobs/view/beauty-adviser-kiehl-s-afi-cotroceni-at-l-or%C3%A9al-4429316812,Beauty Adviser Kiehl's AFI Cotroceni,,scraped,2026-07-07T13:05:55.440704,
b661d5001e3c4197,https://ro.linkedin.com/jobs/view/sap-s-4hana-pp-consultant-at-tata-technologies-4437745461,SAP S/4HANA PP Consultant,,scraped,2026-07-07T13:06:01.761811,
2d777cfb188fcf75,https://ro.linkedin.com/jobs/view/clinical-research-associate-multisponsor-team-at-iqvia-4326773523,"Clinical Research Associate , Multisponsor Team",IQVIA,posted,2026-07-07T13:06:15.543731,402
59065664b3431375,https://ro.linkedin.com/jobs/view/accounts-payable-specialist-at-emag-4436384375,Accounts Payable Specialist,,scraped,2026-07-07T13:06:18.210396,
acae7b5688cf2629,https://ro.linkedin.com/jobs/view/commercial-team-leader-%40-veo-in-constanta-at-veo-worldwide-services-4425467686,Commercial Team Leader @ Veo in Constanta,,scraped,2026-07-07T13:06:24.531966,
0472e619f6e761c6,https://ro.linkedin.com/jobs/view/applied-scientist-amazon-compliance-and-safety-services-at-amazon-science-4433911186,"Applied Scientist, Amazon Compliance and Safety Services",,scraped,2026-07-07T13:06:31.822184,
5558a00e285ea7e3,https://ro.linkedin.com/jobs/view/head-of-hseq-department-at-damen-4427542905,Head of HSEQ Department,,scraped,2026-07-07T13:06:38.690130,
2a8f820f9e2af8f2,https://ro.linkedin.com/jobs/view/blue-prism-lead-at-infosys-4425312167,Blue Prism Lead,Infosys,posted,2026-07-07T13:06:54.977976,404
824eed24430c324d,https://ro.linkedin.com/jobs/view/off-premise-specialist-at-crown-imports-llc-4436953633,Off Premise Specialist,"Crown Imports, LLC",posted,2026-07-07T13:07:05.663395,406
f38d458864a28673,https://ro.linkedin.com/jobs/view/quality-control-laboratory-technician-at-m-d-talent-solutions-4433973295,Quality Control Laboratory Technician,M&amp;D Talent Solutions,posted,2026-07-07T13:07:10.627546,282
c661d25faf90c1bf,https://ro.linkedin.com/jobs/view/employee-relations-specialist-at-arrise-4435477183,Employee Relations Specialist,,scraped,2026-07-07T13:07:13.352361,
f381bcbf18b817c8,https://ro.linkedin.com/jobs/view/production-flm-at-pepsico-4432773564,Production FLM,PepsiCo,posted,2026-07-07T13:07:26.940293,408
c478030a893a3414,https://ro.linkedin.com/jobs/view/id243694-team-leader-audit-delivery-academy-uk-team-at-kpmg-romania-4408525799,ID243694 Team Leader - Audit Delivery Academy UK Team,KPMG Romania,posted,2026-07-07T13:07:37.874496,410
7e002387f840ac1d,https://ro.linkedin.com/jobs/view/error-manager-automotive-bucharest-at-luxoft-4437197830,Error Manager | Automotive | Bucharest,,scraped,2026-07-07T13:07:40.659912,
ad24e20d34e1afaa,https://ro.linkedin.com/jobs/view/analist-calitate-moderator-dfmea-pfmea-at-harting-technology-group-4433242245,Analist calitate (moderator DFMEA/PFMEA),HARTING Technology Group,posted,2026-07-07T13:08:32.631955,412
3c052a8ef47100cf,https://ro.linkedin.com/jobs/view/id243718-audit-manager-at-kpmg-romania-4408008818,ID243718 Audit Manager,KPMG Romania,posted,2026-07-07T13:08:43.302694,414
c4c1c139cfe23ad6,https://ro.linkedin.com/jobs/view/cybersecurity-project-manager-romania-at-deloitte-4434519998,Cybersecurity Project Manager | Romania,Deloitte,posted,2026-07-07T13:08:51.810963,416
b7c08381d8768ac8,https://ro.linkedin.com/jobs/view/senior-infrastructure-specialist-at-deloitte-4433706417,Senior Infrastructure Specialist,Deloitte,posted,2026-07-07T13:09:00.725698,418
07f97525279405a9,https://ro.linkedin.com/jobs/view/global-trade-engineer-at-deloitte-4398256077,Global Trade Engineer,Deloitte,posted,2026-07-07T13:09:09.457213,420
688bcc031c7b4a6c,https://ro.linkedin.com/jobs/view/lucrator-comercial-panduri-at-mega-image-ahold-delhaize-group-4436393281,Lucrator comercial Panduri,,scraped,2026-07-07T13:09:12.164274,
1cf56811e31e508b,https://ro.linkedin.com/jobs/view/senior-commodity-manager-at-vertiv-4416135384,Senior Commodity Manager,Vertiv,posted,2026-07-07T13:09:24.521208,422
8a82781cae3107ff,https://ro.linkedin.com/jobs/view/lucr%C4%83tor-comercial-lugojana-at-mega-image-ahold-delhaize-group-4378038715,Lucrător comercial - Lugojana,,scraped,2026-07-07T13:09:27.308484,
0a46ff9bbae76f4a,https://ro.linkedin.com/jobs/view/search-operations-specialist-spanish-speaking-third-party-associate-at-tiktok-4415995677,Search Operations Specialist - Spanish Speaking (Third-Party Associate),TikTok,posted,2026-07-07T13:09:40.282326,424
f9138df71b48503b,https://ro.linkedin.com/jobs/view/workday-hcm-consultant-deloitte-technology-delivery-center-at-deloitte-4423647078,Workday HCM Consultant | Deloitte Technology Delivery Center,Deloitte,posted,2026-07-07T13:09:45.172872,236
3706a6accf19ff9e,https://ro.linkedin.com/jobs/view/asistent-de-vanzari-cu-atributii-de-lucru-in-depozit-jysk-mamaia-nord-at-undelucram-ro-4435717342,Asistent de vanzari cu atributii de lucru in depozit JYSK Mamaia Nord,Undelucram.ro,posted,2026-07-07T13:10:01.162760,426
c62de14f179cb859,https://ro.linkedin.com/jobs/view/graduate-software-engineer-at-bending-spoons-4436239266,Graduate software engineer,,scraped,2026-07-07T13:10:03.859501,
5dc8ad3108a3f3df,https://ro.linkedin.com/jobs/view/director-e-discovery-at-hilco-real-estate-finance-4435382633,"Director, E-Discovery",Hilco Real Estate Finance,posted,2026-07-07T13:10:16.802148,428
fd9305ea6123e525,https://ro.linkedin.com/jobs/view/engineering-manager-100%25-remote-emea-cloud-computing-at-pragmatike-4435817121,Engineering Manager (100% Remote EMEA) - Cloud Computing,,scraped,2026-07-07T13:10:19.558756,
148e09c5f5843b7a,https://ro.linkedin.com/jobs/view/actuary-at-adecco-4425494950,Actuary,,scraped,2026-07-07T13:10:26.949437,
2f248ca9602ad3c4,https://ro.linkedin.com/jobs/view/data-scientist-at-ntt-data-europe-latam-4398692845,Data Scientist,NTT DATA Europe & Latam,posted,2026-07-07T13:10:37.240489,108
51ee0a9e1f2f5562,https://ro.linkedin.com/jobs/view/treasury-analyst-at-pip-global-safety-4435187795,Treasury Analyst,PIP Global Safety,posted,2026-07-07T13:10:45.942789,430
dbbe064d9f9c8a49,https://ro.linkedin.com/jobs/view/sales-operations-analyst-with-english-at-capgemini-4436126243,Sales Operations Analyst with English,,scraped,2026-07-07T13:10:50.629380,
448448660b6c9d2d,https://ro.linkedin.com/jobs/view/senior-agile-delivery-lead-at-inetum-4431942165,Senior Agile Delivery Lead,,scraped,2026-07-07T13:10:57.040036,
33ed52da1eee727d,https://ro.linkedin.com/jobs/view/data-engineer-at-stefanini-emea-4424201009,Data Engineer,Stefanini EMEA,posted,2026-07-07T13:11:13.787711,432
27f307785a3ed4d7,https://ro.linkedin.com/jobs/view/analyst-in-investment-banking-bt-capital-partners-at-banca-transilvania-4436702310,Analyst in Investment Banking BT Capital Partners,Banca Transilvania,posted,2026-07-07T20:36:11.157936,434
8cec3c3bb147eb62,https://ro.linkedin.com/jobs/view/dispatcher-at-alstom-4430607556,Dispatcher,,scraped,2026-07-07T20:36:15.856370,
4254ec90be83b7f4,https://ro.linkedin.com/jobs/view/application-support-engineer-at-e-tech-group-4426362721,Application Support Engineer,E Tech Group,posted,2026-07-07T20:36:47.816096,436
647d914f450864e7,https://ro.linkedin.com/jobs/view/business-development-manager-at-dor-farm-4434534999,Business Development Manager,,scraped,2026-07-07T20:36:50.549551,
2671e8c02b686076,https://ro.linkedin.com/jobs/view/people-partner-they-she-he-at-glovo-4436589711,People Partner (They/She/He),,scraped,2026-07-07T20:37:19.166168,
595d9a0550888d90,https://ro.linkedin.com/jobs/view/field-service-technician-energy-bucharest-romania-at-tesla-4436728871,"Field Service Technician, Energy - Bucharest, Romania",Tesla,posted,2026-07-07T20:37:33.271063,438
2fee87c4899db942,https://ro.linkedin.com/jobs/view/senior-hr-generalist-at-jobgether-4436073937,Senior HR Generalist,,scraped,2026-07-07T20:37:35.972795,
77f11d4698bba5e4,https://ro.linkedin.com/jobs/view/senior-director-sustainable-procurement-and-process-excellence-at-lsne-contract-manufacturing-4436468963,"Senior Director, Sustainable Procurement and Process Excellence",LSNE Contract Manufacturing,posted,2026-07-07T20:37:52.297331,440
4e95bfecc799f530,https://ro.linkedin.com/jobs/view/store-manager-kiko-milano-romania-at-fais-group-4433955058,Store Manager - KIKO MILANO | Romania,,scraped,2026-07-07T20:37:55.011012,
d6a2a2f45cce3533,https://ro.linkedin.com/jobs/view/technical-author-multiple-roles-and-seniority-levels-at-jobgether-4435765816,Technical Author (multiple roles and seniority levels),,scraped,2026-07-07T20:38:03.689620,
bd5cc84ef66bcc34,https://ro.linkedin.com/jobs/view/creative-admin-intern-at-littlecloud-organizer-pt-kreasi-inovasi-bangsa-4435520787,Creative Admin Intern,,scraped,2026-07-07T20:38:10.257591,
63a1e1b7ad436b60,https://ro.linkedin.com/jobs/view/stivuitorist-brasov-at-trigo-4433955200,Stivuitorist Brasov,,scraped,2026-07-07T20:38:25.099716,
d34482419cb0b850,https://ro.linkedin.com/jobs/view/consultant-at-roland-berger-4434525128,Consultant,,scraped,2026-07-07T20:38:33.109545,
bc2c067c7b2f6c11,https://ro.linkedin.com/jobs/view/beverage-server-at-chumash-enterprises-4436259436,Beverage Server,Chumash Enterprises,posted,2026-07-07T20:39:00.777870,442
b849d8fe65ffa5b1,https://ro.linkedin.com/jobs/view/buyer-at-engie-romania-4437183297,Buyer,,scraped,2026-07-07T20:39:05.504278,
2a4597a3fb1d7d5e,https://ro.linkedin.com/jobs/view/mrp-planner-at-vibracoustic-4429118069,MRP Planner,,scraped,2026-07-07T20:39:13.854019,
7b7d04a93a8a5bf7,https://ro.linkedin.com/jobs/view/office-assistant-bulgarian-language-required-at-undelucram-ro-4435402165,Office Assistant (Bulgarian Language Required),Undelucram.ro,posted,2026-07-07T20:39:37.782930,444
b52b7692bfa19075,https://ro.linkedin.com/jobs/view/remote-romanian-translator-ecommerce-marketing-agency-at-hustler-marketing-4436369395,Remote Romanian Translator - eCommerce Marketing Agency,,scraped,2026-07-07T20:39:42.473251,
1c3cdbc57f8eda98,https://ro.linkedin.com/jobs/view/retail-operations-excellence-manager-at-wolt-4435236030,Retail Operations Excellence Manager,,scraped,2026-07-07T20:39:50.488687,
ed5f8fc55c651e1b,https://ro.linkedin.com/jobs/view/english-speaking-game-presenter-for-bucharest-office-at-the-lemon-consulting-4434607048,English speaking Game Presenter for Bucharest office,The Lemon Consulting,posted,2026-07-07T20:40:02.895648,32
9bd580f51c4ba4c0,https://ro.linkedin.com/jobs/view/corporate-marketing-director-at-hipo-ro-4436773769,Corporate Marketing Director,,scraped,2026-07-07T20:40:05.555342,
02b26fb17ede4d1f,https://ro.linkedin.com/jobs/view/marketing-specialist-at-techmark-inn-4436707551,Marketing Specialist,Techmark Inn,posted,2026-07-07T20:40:23.263655,446
6078cc89babe76d3,https://ro.linkedin.com/jobs/view/legal-advisor-at-garanti-bbva-romania-4437759819,Legal Advisor,,scraped,2026-07-07T20:40:25.999280,
8538b5d0db10e166,https://ro.linkedin.com/jobs/view/digital-designer-at-wpp-production-4437790932,Digital Designer,WPP Production,posted,2026-07-07T20:40:43.531017,448
bf0bd99a7e4bff00,https://ro.linkedin.com/jobs/view/oracle-and-mysql-database-admin-at-infosys-4415215096,Oracle and MySql Database Admin,Infosys,posted,2026-07-07T20:41:08.860910,450
9575b1bb5dc5f471,https://ro.linkedin.com/jobs/view/health-safety-and-wellbeing-specialist-1-at-arcadis-4406796635,"Health, Safety and Wellbeing Specialist 1",,scraped,2026-07-07T20:41:11.593272,
bd177ea8b9f04402,https://ro.linkedin.com/jobs/view/staffing-partnerships-specialist-at-ewl-romania-4436747501,Staffing Partnerships Specialist,,scraped,2026-07-07T20:41:18.965488,
c09e5fc4cc566af5,https://ro.linkedin.com/jobs/view/id246955-junior-auditor-%40audit-delivery-academy-timi%C8%99oara-at-kpmg-romania-4428839284,ID246955 Junior Auditor @Audit Delivery Academy Timișoara,KPMG Romania,posted,2026-07-07T20:41:42.264413,452
35c574068f7d7511,https://ro.linkedin.com/jobs/view/store-manager-at-mango-4436525229,Store Manager,,scraped,2026-07-07T20:41:45.034113,
c18c9f1ac3fb5595,https://ro.linkedin.com/jobs/view/onboarding-enablement-specialist-at-jobgether-4435038837,Onboarding Enablement Specialist,,scraped,2026-07-07T20:41:53.937111,
48bc4616eb6b9827,https://ro.linkedin.com/jobs/view/junior-technical-project-specialist-at-fyst-4435813273,Junior Technical Project Specialist,,scraped,2026-07-07T20:42:00.518944,
a3a0fe8d9f358898,https://ro.linkedin.com/jobs/view/inginer-constructii-civile-at-e-infra-4436798174,Inginer Constructii Civile,,scraped,2026-07-07T20:42:07.787742,
285afc5f6dbba37a,https://ro.linkedin.com/jobs/view/saas-partnerships-sales-manager-at-f6s-4437709913,SaaS Partnerships Sales Manager,F6S,posted,2026-07-07T20:42:27.953656,454
4f6dd916685983db,https://ro.linkedin.com/jobs/view/hr-admin-at-adecco-4437794975,HR Admin,,scraped,2026-07-07T20:42:32.721164,
6827ad79702197d5,https://ro.linkedin.com/jobs/view/geology-qa-lead-remote-at-yo-it-consulting-4434399407,Geology QA Lead - Remote,,scraped,2026-07-07T20:42:41.453317,
385e5a5df287a16f,https://ro.linkedin.com/jobs/view/operations-coordinator-at-yomali-4437429608,Operations Coordinator,Yomali,posted,2026-07-07T20:43:01.486493,456
5b3c9c63c9e92d42,https://ro.linkedin.com/jobs/view/head-of-field-service-europe-and-middle-east-at-flsmidth-4434563460,Head of Field Service Europe and Middle East,,scraped,2026-07-07T20:43:04.193356,
d825d4948d25a1b9,https://ro.linkedin.com/jobs/view/business-development-partner-at-emma-of-torre-ai-4433184744,Business Development Partner,Emma of Torre.ai,posted,2026-07-07T20:43:24.696231,458
d386650f56729fe4,https://ro.linkedin.com/jobs/view/trade-marketing-team-leader-at-7-eleven-vietnam-4433739495,Trade Marketing Team Leader,,scraped,2026-07-07T20:43:37.428966,
f988ad74e5cfe38b,https://ro.linkedin.com/jobs/view/senior-ux-designer-at-flowx-ai-4437807658,Senior UX Designer,FlowX.AI,posted,2026-07-07T20:43:58.117723,460
d29be14b288c93ab,https://ro.linkedin.com/jobs/view/compliance-audit-manager-at-exante-4437820621,Compliance Audit Manager,,scraped,2026-07-07T20:44:09.012297,
6b448c57a8f19a67,https://ro.linkedin.com/jobs/view/key-account-trade-manager-at-saint-gobain-romania-4437196222,Key Account Trade Manager,,scraped,2026-07-07T20:44:18.152308,
1a19770f9a1f9ebf,https://ro.linkedin.com/jobs/view/event-consultant-intern-at-littlecloud-organizer-pt-kreasi-inovasi-bangsa-4435536018,Event Consultant Intern,,scraped,2026-07-07T20:44:25.554863,
f7cf65241113e7e9,https://ro.linkedin.com/jobs/view/general-manager-in-romania-cee-at-fei-solution-gmbh-4437821387,General Manager in Romania & CEE,,scraped,2026-07-07T20:44:34.179770,
7834c1c1a71e73cf,https://ro.linkedin.com/jobs/view/asistent-vanzari-jysk-timisoara-bega-park-retail-at-undelucram-ro-4435288613,Asistent Vanzari JYSK TIMISOARA BEGA PARK RETAIL,Undelucram.ro,posted,2026-07-07T20:44:53.560289,462
6765944bec669607,https://ro.linkedin.com/jobs/view/game-presenter-in-bucharest-at-the-lemon-consulting-4434391635,Game Presenter in Bucharest,The Lemon Consulting,posted,2026-07-07T20:45:10.023948,464
1a0d2af20ee9c7db,https://ro.linkedin.com/jobs/view/senior-btl-manager-at-hexagonx-romania-4433704091,Senior BTL Manager,HexagonX Romania,posted,2026-07-07T20:45:26.875545,466
9d99322440d08294,https://ro.linkedin.com/jobs/view/marketing-project-manager-at-jobgether-4432359234,Marketing Project Manager,,scraped,2026-07-07T20:45:29.567763,
07e5b272e247a564,https://ro.linkedin.com/jobs/view/risk-analyst-esg-risks-at-brd-groupe-societe-generale-4436308146,Risk Analyst - ESG risks,BRD - Groupe Societe Generale,posted,2026-07-07T20:46:32.862308,468
aff5b584e6b5c2e3,https://ro.linkedin.com/jobs/view/marketplace-manager-remote-at-factra-4436512958,Marketplace Manager (Remote),,scraped,2026-07-07T20:46:35.638139,
68a09d6cb50735ad,https://ro.linkedin.com/jobs/view/director-instrumente-%C8%99i-investi%C8%9Bii-de-capital-at-banca-de-investitii-si-dezvoltare-4433184194,Director Instrumente și Investiții de Capital,,scraped,2026-07-07T20:46:43.112727,
49cf484227e09125,https://ro.linkedin.com/jobs/view/lifecycle-retention-strategist-at-e-commerce-growth-agency-remote-worldwide-at-paired-4434512266,"Lifecycle & Retention Strategist at E-commerce Growth Agency (Remote, Worldwide)",Paired,posted,2026-07-07T20:47:01.753713,470
784cc740350abda3,https://ro.linkedin.com/jobs/view/powerbi-architect-at-cognizant-4422260138,PowerBI Architect,Cognizant,posted,2026-07-07T20:47:13.790119,472
08db062f532b04ee,https://ro.linkedin.com/jobs/view/entrepreneur-experience-associate-at-endeavor-ukraine-4436172643,Entrepreneur Experience Associate,,scraped,2026-07-07T20:47:16.501251,
a281895fbe63171b,https://ro.linkedin.com/jobs/view/key-account-manager-at-jobgether-4435423963,Key Account Manager,,scraped,2026-07-07T20:47:23.763286,
6ee68173a988d8d0,https://ro.linkedin.com/jobs/view/internship-global-hr-digitalization-at-hipo-ro-4435843992,Internship Global HR Digitalization,,scraped,2026-07-07T20:47:30.329089,
2910b73fda97444b,https://ro.linkedin.com/jobs/view/senior-full-stack-engineer-at-mindroiu-serban-alexandru-pfa-4436829455,Senior Full Stack Engineer,Mindroiu Serban-Alexandru PFA,posted,2026-07-07T20:47:56.126797,474
a466517e82590d9c,https://ro.linkedin.com/jobs/view/business-analyst-at-exe-software-4436776631,Business Analyst,,scraped,2026-07-07T20:47:58.805233,
741389562eb8303d,https://ro.linkedin.com/jobs/view/supply-chain-roles-abroad-%E2%80%93-eaton-is-hiring-multilingual-talent-at-eaton-4273564082,Supply Chain roles abroad – Eaton is hiring multilingual talent,Eaton,posted,2026-07-07T20:48:46.582755,476
775fdb70bba7c34b,https://ro.linkedin.com/jobs/view/mechanical-design-internship-at-preh-group-4435268247,Mechanical Design Internship,,scraped,2026-07-07T20:48:51.229021,
af95885292caf161,https://ro.linkedin.com/jobs/view/assistant-casino-manager-at-royal-caribbean-group-4214160445,Assistant Casino Manager,Royal Caribbean Group,posted,2026-07-07T20:49:09.820274,478
84c7f6da9ebf76c3,https://ro.linkedin.com/jobs/view/project-engineering-leader-at-jaeggi-4432724453,Project & Engineering Leader,,scraped,2026-07-07T20:49:14.522402,
c2f4e33d545f5f13,https://ro.linkedin.com/jobs/view/project-manager-at-headscout-4433183559,Project Manager,,scraped,2026-07-07T20:49:29.598944,
3e48dda86d6304e8,https://ro.linkedin.com/jobs/view/specialist-senior-guvernan%C8%9B%C4%83-reglement%C4%83ri-bucuresti-cluj-at-banca-transilvania-4436191215,Specialist (Senior) Guvernanță Reglementări Bucuresti/Cluj,Banca Transilvania,posted,2026-07-07T20:49:51.434961,480
9c250873ebcdc1de,https://ro.linkedin.com/jobs/view/entrepreneur-in-residence-eir-at-the-flex-4436949352,Entrepreneur in Residence (EIR),,scraped,2026-07-07T20:49:54.167761,
ada02157cef5927d,https://ro.linkedin.com/jobs/view/administrator-operatiuni-curente-carrefour-orhideea-bucuresti-at-brd-groupe-societe-generale-4432367040,Administrator Operatiuni Curente - Carrefour Orhideea/Bucuresti,BRD - Groupe Societe Generale,posted,2026-07-07T20:50:48.167030,482
d873533398e1865e,https://ro.linkedin.com/jobs/view/video-content-creator-enroush-at-enroush-4434536597,Video Content Creator ENROUSH,,scraped,2026-07-07T20:50:50.870301,
6f3299ab935e0647,https://ro.linkedin.com/jobs/view/financial-controller-at-allianz-services-4404014287,Financial Controller,Allianz Services,posted,2026-07-07T20:51:00.732718,382
10b5b45edeb1e356,https://ro.linkedin.com/jobs/view/economist-at-secpral-pro-instalatii-4433952525,Economist,SECPRAL PRO INSTALATII,posted,2026-07-07T20:51:16.250619,484
4ae1ebef96c5a675,https://ro.linkedin.com/jobs/view/supply-specialist-at-vat-group-4437749513,Supply Specialist,,scraped,2026-07-07T20:51:18.880937,
2c06983f22e99455,https://ro.linkedin.com/jobs/view/svc-operator-ii-frac-acid-at-halliburton-4436576640,Svc Operator II-Frac Acid,Halliburton,posted,2026-07-07T20:51:38.733408,486
a471e55fe31c673e,https://ro.linkedin.com/jobs/view/database-administrator-at-sharp-brains-solutions-4434618671,Database Administrator,,scraped,2026-07-07T20:51:41.506850,
63b4995c9be5433e,https://ro.linkedin.com/jobs/view/senior-workforce-management-planner-at-conectys-4437405526,Senior Workforce Management Planner,Conectys,posted,2026-07-07T20:52:01.747365,488
ad98f857b55aad03,https://ro.linkedin.com/jobs/view/stylist-bucharest-park-lake-romania-full-time-at-levi-strauss-co-4436596520,Stylist_Bucharest_Park Lake_Romania_full time,Levi Strauss &amp; Co.,posted,2026-07-07T20:52:11.512671,490
f6e001d6491d9519,https://ro.linkedin.com/jobs/view/lider-performan%C8%9B%C4%83-magazin-brasov-at-leroy-merlin-4436721448,Lider Performanță Magazin Brasov,,scraped,2026-07-07T20:52:14.331052,
b1d15d6aa3da5614,https://ro.linkedin.com/jobs/view/order-management-specialist-at-siemens-4434633642,Order Management Specialist,Siemens,posted,2026-07-07T20:52:37.830251,492
8880ca2a067ed85d,https://ro.linkedin.com/jobs/view/payroll-specialist-french-at-adp-4436525740,Payroll Specialist (French),ADP,posted,2026-07-07T20:52:48.915487,494
976dd5ab3a88a766,https://ro.linkedin.com/jobs/view/tehnician-%C3%AEntre%C8%9Binere-cl%C4%83diri-at-schaeffler-4426795492,Tehnician Întreținere Clădiri,Schaeffler,posted,2026-07-07T20:53:05.693198,496
c6b2f9c687b60bc5,https://ro.linkedin.com/jobs/view/data-engineer-bi-at-worldline-4422236781,Data Engineer (BI),,scraped,2026-07-07T20:53:08.445420,
d4c61fa98a81cbcc,https://ro.linkedin.com/jobs/view/customer-care-representative-at-boston-scientific-4435555312,Customer Care Representative,Boston Scientific,posted,2026-07-07T20:53:23.212899,498
bcfc68ddc6cca04c,https://ro.linkedin.com/jobs/view/marketing-communications-specialist-at-rockna-audio-4433746414,Marketing Communications Specialist,,scraped,2026-07-07T20:53:25.948738,
1ede305dc544a857,https://ro.linkedin.com/jobs/view/data-analyst-at-webbing-4426361433,Data Analyst,Webbing,posted,2026-07-07T20:53:42.338561,500
8307a411d783a9d3,https://ro.linkedin.com/jobs/view/customer-experience-specialist-at-adecco-4436704963,Customer Experience Specialist,,scraped,2026-07-07T20:53:49.082281,
37dafb9cc169cb06,https://ro.linkedin.com/jobs/view/junior-customer-relationship-officer-ref-fgdfx-at-rsight%C2%AE-4428121076,Junior Customer Relationship Officer (Ref:FGDFx),,scraped,2026-07-07T20:53:55.836451,
970d948e2c855500,https://ro.linkedin.com/jobs/view/coordonator-vamal-at-hipo-ro-4435853542,Coordonator Vamal,,scraped,2026-07-07T20:54:02.555483,
164a2acb65caab40,https://ro.linkedin.com/jobs/view/floor-manager-40h-at-cos-4428831769,Floor Manager 40h,COS,posted,2026-07-07T20:54:23.315866,502
d99c1df786f89272,https://ro.linkedin.com/jobs/view/talent-coordinator-at-grafton-recruitment-4436808348,Talent Coordinator,,scraped,2026-07-07T20:54:26.143353,
ee1d0a17d8448f69,https://ro.linkedin.com/jobs/view/order-management-supply-network-operations-specialist-at-undelucram-ro-4435286648,Order Management Supply Network Operations Specialist,Undelucram.ro,posted,2026-07-07T20:54:41.864379,192
3d60e11077231bba,https://ro.linkedin.com/jobs/view/category-manager-taste-ca-east-romania-at-electrolux-group-4437416264,Category Manager Taste CA East Romania,Electrolux Group,posted,2026-07-07T20:55:31.797544,504
684b7ff379af78da,https://ro.linkedin.com/jobs/view/cee-content-and-creator-sales-specialist-youtube-fixed-term-contract-at-google-4435830418,"CEE Content and Creator Sales Specialist, YouTube (Fixed-Term Contract)",Google,posted,2026-07-07T20:55:41.695225,506
2e655cc9b43f8ac8,https://ro.linkedin.com/jobs/view/senior-sales-executive-at-payu-4436172497,Senior Sales Executive,,scraped,2026-07-07T20:55:44.657032,
28e1f1e0ef3750f7,https://ro.linkedin.com/jobs/view/site-manager-%E2%80%93-aluminium-facades-at-vertical-design-4434537874,Site Manager – Aluminium Facades,,scraped,2026-07-07T20:55:58.639385,
ef9951c3f85cce8c,https://ro.linkedin.com/jobs/view/regional-key-account-representative-at-expand-health-romania-4433921568,Regional Key Account Representative,,scraped,2026-07-07T20:56:10.793200,
5d4e5cadf6445e75,https://ro.linkedin.com/jobs/view/senior-ui-engineer-f-m-x-at-deutsche-bank-4437441321,Senior UI Engineer (f/m/x),,scraped,2026-07-07T20:56:18.498828,
ee4d02f62ae1dbf7,https://ro.linkedin.com/jobs/view/java-software-engineer-at-deutsche-bank-4427326445,Java Software Engineer,,scraped,2026-07-07T20:56:25.534888,
a5a7693e447a89ed,https://ro.linkedin.com/jobs/view/desktop-support-engineer-at-cure-it-solutions-ltd-4433946657,Desktop Support Engineer,,scraped,2026-07-07T20:56:34.479253,
712ecce498baa894,https://ro.linkedin.com/jobs/view/specialist-transportation-and-distribution-safety-m-f-d-at-basf-4437761100,Specialist Transportation and Distribution Safety (m/f/d),,scraped,2026-07-07T20:56:41.298505,
3693bd7b553bc4c8,https://ro.linkedin.com/jobs/view/managerial-assistant-at-epc-consultanta-de-mediu-4433175751,Managerial Assistant,,scraped,2026-07-07T20:56:52.046645,
633f8666596cd107,https://ro.linkedin.com/jobs/view/asistent-vanzari-adidas-otopeni-full-time-at-adidas-4432790955,Asistent Vanzari adidas Otopeni Full Time,,scraped,2026-07-07T20:56:59.714811,
517439babacc5dff,https://ro.linkedin.com/jobs/view/business-development-manager-air-sea-freight-at-dp-world-4428114635,Business Development Manager Air & Sea Freight,,scraped,2026-07-07T20:57:08.071318,
594f4f3d0d10e32b,https://ro.linkedin.com/jobs/view/business-developer-sales-at-coca-cola-hbc-4437747583,Business Developer- Sales,,scraped,2026-07-07T20:57:15.588019,
40bd6644c9bd3c6c,https://ro.linkedin.com/jobs/view/montator-subansamble-process-line-at-airbus-4375264851,Montator subansamble - Process Line,Airbus,posted,2026-07-07T20:57:31.912100,60
049e4a0df2f6985a,https://ro.linkedin.com/jobs/view/montator-subansamble-process-line-at-airbus-4375261926,Montator subansamble - Process Line,Airbus,scraped,2026-07-07T20:57:37.787995,
861e2735a21f2a79,https://ro.linkedin.com/jobs/view/calibration-and-metrology-specialist-at-airbus-4339976971,Calibration and metrology specialist,Airbus,posted,2026-07-07T20:57:52.204830,508
7861b2174b0ed12e,https://ro.linkedin.com/jobs/view/surveillance-operator-at-arrise-4435466598,Surveillance Operator,,scraped,2026-07-07T20:57:58.913392,
1dbc242ac397f1da,https://ro.linkedin.com/jobs/view/v%C3%A2nz%C4%83tor-otopeni-23-august-f-m-at-undelucram-ro-4435291486,"Vânzător Otopeni, 23 August (f/m)",Undelucram.ro,posted,2026-07-07T20:58:18.024047,510
3bc6ef06cba880c4,https://ro.linkedin.com/jobs/view/operator-montaj-fw-at-airbus-4375274600,Operator Montaj FW,Airbus,posted,2026-07-07T20:58:30.810484,512
439d4bf592291427,https://ro.linkedin.com/jobs/view/lucr%C4%83tor-comercial-produse-proaspete-baia-mare-republicii-f-m-at-undelucram-ro-4435287611,Lucrător Comercial Produse Proaspete Baia Mare-Republicii (f/m),Undelucram.ro,posted,2026-07-07T20:58:45.957964,514
2a52016e79da2315,https://ro.linkedin.com/jobs/view/collections-specialist-with-flemish-and-english-%E2%80%93-bucharest-on-site-at-concentrix-4437152544,"Collections Specialist with Flemish and English – Bucharest, on site",Concentrix,posted,2026-07-07T20:58:55.232190,516
4bc189167eac7c58,https://ro.linkedin.com/jobs/view/sales-development-representative-strategic-accounts-english-speaker-at-undelucram-ro-4435294455,"Sales Development Representative, Strategic Accounts ( English speaker)",Undelucram.ro,posted,2026-07-07T20:59:15.067099,518
8ed791dd92e60939,https://ro.linkedin.com/jobs/view/professional-early-collections-with-french-and-english-%E2%80%93-bucharest-on-site-at-concentrix-4434649106,"Professional Early Collections with French and English – Bucharest, on site",Concentrix,posted,2026-07-07T20:59:28.309641,520
03282a57217febe4,https://ro.linkedin.com/jobs/view/lider-performanta-magazin-at-hipo-ro-4436781511,Lider Performanta Magazin,,scraped,2026-07-07T20:59:32.987688,
6008277413fcb4f9,https://ro.linkedin.com/jobs/view/servicenow-request-catalog-consultant-at-ntt-data-europe-latam-4434561677,ServiceNow Request/Catalog Consultant,NTT DATA Europe & Latam,posted,2026-07-07T20:59:50.039627,522
9c80840d472e12c0,https://ro.linkedin.com/jobs/view/farmacist-suceava-at-help-net-farma-4437147697,Farmacist Suceava,Help Net Farma,posted,2026-07-07T21:00:09.628411,524
691c5947ef215eb9,https://ro.linkedin.com/jobs/view/ev-product-manager-at-gewiss-romania-4433187730,EV Product Manager,Gewiss Romania,posted,2026-07-07T21:00:24.352245,526
131f3e92161745df,https://ro.linkedin.com/jobs/view/hr-business-partner-at-airbus-defence-and-space-4406034435,HR Business Partner,Airbus Defence and Space,posted,2026-07-07T21:00:37.922397,528
f15e87f5c6254577,https://ro.linkedin.com/jobs/view/supply-chain-co-founder-cpo-100-%25-remote-m-f-d-at-ewor-4435473801,Supply Chain Co-Founder / CPO (100 % remote) (m/f/d),,scraped,2026-07-07T21:00:46.664300,
d50d7490021f5e3b,https://ro.linkedin.com/jobs/view/it-field-support-specialist-at-bento-intellectually-curious-4433961477,IT Field Support Specialist,,scraped,2026-07-07T21:00:53.759675,
25c34384f940163d,https://ro.linkedin.com/jobs/view/security-research-lead-at-jobgether-4435729603,Security Research Lead,,scraped,2026-07-07T21:01:03.040098,
a913531854caabad,https://ro.linkedin.com/jobs/view/system-analyst-at-jobgether-4435407448,System Analyst,,scraped,2026-07-07T21:01:13.886701,
22ae4f370aa4e8d5,https://ro.linkedin.com/jobs/view/logistiker-m-w-d-bahninfrastruktur-at-kaf-falkenhahn-unternehmensgruppe-4435791989,Logistiker (m/w/d) - Bahninfrastruktur,,scraped,2026-07-07T21:01:24.471725,
a50a310f9c4ef8cc,https://ro.linkedin.com/jobs/view/planning-engineer-ref-4mzoe-at-rsight%C2%AE-4380335441,PLANNING ENGINEER (Ref:4Mzoe),,scraped,2026-07-07T21:01:35.333317,
a2961ca5b55ce8cc,https://ro.linkedin.com/jobs/view/distribution-monobrand-channel-account-executive-at-apple-4414166438,Distribution & Monobrand Channel Account Executive,Apple,posted,2026-07-07T21:01:54.869681,530
572cd85a61c60074,https://ro.linkedin.com/jobs/view/tiktok-product-quality-assurance-analyst-arabic-speaking-third-party-associate-at-tiktok-4436262620,TikTok Product Quality Assurance Analyst - Arabic Speaking (Third-Party Associate),TikTok,posted,2026-07-07T21:02:08.565948,532
079d0d1347b545b4,https://ro.linkedin.com/jobs/view/order-management-specialist-at-hipo-ro-4437867090,Order Management Specialist,,scraped,2026-07-07T21:02:19.257554,
6ca0826aa05ecb30,https://ro.linkedin.com/jobs/view/controlor-de-calitate-at-lantm%C3%A4nnen-unibake-4398391773,Controlor de Calitate,,scraped,2026-07-07T21:02:32.981503,
46a5fb6178c79e11,https://ro.linkedin.com/jobs/view/ai-validator-at-lseg-4432381153,AI Validator,,scraped,2026-07-07T21:02:40.143155,
c5dc1e5162c5f473,https://ro.linkedin.com/jobs/view/facilities-manager-at-coral-companies-4434525322,Facilities Manager,,scraped,2026-07-07T21:02:46.895312,
8dd4c9b5b38d3e7a,https://ro.linkedin.com/jobs/view/accounts-receivable-at-groupe-rocher-services-europe-4437149719,Accounts Receivable,,scraped,2026-07-07T21:03:01.171449,
8609dece5619933c,https://ro.linkedin.com/jobs/view/digital-marketinga-specialist-industrie-tehnica-at-hipo-ro-4436776624,Digital MarketingA Specialist - Industrie Tehnica,,scraped,2026-07-07T21:03:07.867003,
aee9534740cf5455,https://ro.linkedin.com/jobs/view/relationship-manager-commercial-partners-cluj-at-undelucram-ro-4435706683,RELATIONSHIP MANAGER COMMERCIAL PARTNERS CLUJ,Undelucram.ro,posted,2026-07-07T21:03:29.343028,534
ea88616890c7eca6,https://ro.linkedin.com/jobs/view/graduate-ai-software-engineer-at-bending-spoons-4436241187,Graduate AI software engineer,,scraped,2026-07-07T21:03:32.058819,
2c7edf2646165989,https://ro.linkedin.com/jobs/view/ltsa-manager-at-canada-solar-inc-4435729866,LTSA Manager,,scraped,2026-07-07T21:03:38.796175,
554a9f7556e994c0,https://ro.linkedin.com/jobs/view/software-engineer-at-lenovo-4428086267,Software Engineer,Lenovo,posted,2026-07-07T21:03:53.704719,536
082450fa149b87ff,https://ro.linkedin.com/jobs/view/customer-training-coordinator-at-siemens-energy-4435457976,Customer Training Coordinator,Siemens Energy,posted,2026-07-07T21:04:13.128708,538
d126acc389d72880,https://ro.linkedin.com/jobs/view/tehnician-mentenanta-at-te-connectivity-4437156953,Tehnician Mentenanta,TE Connectivity,posted,2026-07-07T21:04:28.744393,540
3cbd0d90d94ebfbe,https://ro.linkedin.com/jobs/view/business-development-manager-bucharest-at-fresha-4436711785,Business Development Manager - (Bucharest),,scraped,2026-07-07T21:04:31.527040,
e428644553377516,https://ro.linkedin.com/jobs/view/project-tools-solutions-specialist-at-orange-services-4435437790,Project Tools Solutions Specialist,Orange Services,posted,2026-07-07T21:04:48.032919,542
b14492a3eacf3a64,https://ro.linkedin.com/jobs/view/noc-operator-1-at-ses-satellites-4426073771,NOC Operator 1,,scraped,2026-07-07T21:04:50.760918,
fb7d42cb2c163111,https://ro.linkedin.com/jobs/view/photo-video-sweet-17-at-littlecloud-organizer-pt-kreasi-inovasi-bangsa-4435528626,Photo/Video (Sweet 17),,scraped,2026-07-07T21:04:57.228011,
1797e10ec12148e7,https://ro.linkedin.com/jobs/view/specialist-analiza-piese-retur-oem-warranty-analyst-at-thyssenkrupp-bilstein-sibiu-4435255412,Specialist Analiza Piese Retur OEM / Warranty Analyst,,scraped,2026-07-07T21:05:05.765456,
c45a44f47891146a,https://ro.linkedin.com/jobs/view/inginer-utilitati-utilities-engineer-lehliu-at-bunge-4373593113,Inginer Utilitati (Utilities Engineer) - Lehliu,Bunge,posted,2026-07-07T21:05:26.122293,544
dd9e4d6279ce5f2e,https://ro.linkedin.com/jobs/view/energy-solutions-lead-at-hays-4436751774,Energy Solutions Lead,,scraped,2026-07-07T21:05:28.851303,
51ff1343b6bf1434,https://ro.linkedin.com/jobs/view/siemens-energy-graduate-program-%E2%80%93-project-manager-%E2%80%93-order-execution-m-f-d-at-siemens-energy-4415929691,Siemens Energy Graduate Program – Project Manager – Order Execution (m/f/d),Siemens Energy,posted,2026-07-07T21:05:43.660920,546
fa2940e9580f4caf,https://ro.linkedin.com/jobs/view/billing-data-analyst-at-ruby-labs-4437868619,Billing Data Analyst,Ruby Labs,posted,2026-07-07T21:05:52.075852,548
fe028dc4cafbf4c5,https://ro.linkedin.com/jobs/view/international-affairs-research-analyst-at-complyadvantage-4413618620,International Affairs Research Analyst,ComplyAdvantage,posted,2026-07-07T21:06:07.320825,550
d4f5ded17c5356d3,https://ro.linkedin.com/jobs/view/country-manager-romania-residential-energy-storage-systems-chinese-speaker-at-pt-talenta-eksekutif-asia-4435225285,Country Manager - Romania (Residential Energy Storage Systems) - Chinese Speaker,PT Talenta Eksekutif Asia,posted,2026-07-07T21:06:13.369109,132
95d71cd29fb5a21f,https://ro.linkedin.com/jobs/view/european-investment-fund-eif-chief-executive-based-in-luxembourg-at-european-investment-bank-eib-4429545200,European Investment Fund (EIF) - Chief Executive - based in Luxembourg,,scraped,2026-07-07T21:06:16.192909,
63af073a9972317d,https://ro.linkedin.com/jobs/view/middle-backend-developer-at-tinmar-energy-s-a-4432757816,Middle Backend Developer,Tinmar Energy S.A.,posted,2026-07-07T21:06:36.180359,552
20d654ce250b48c1,https://ro.linkedin.com/jobs/view/inside-sales-team-leader-germany-at-undelucram-ro-4436276400,"Inside Sales Team Leader, Germany",Undelucram.ro,posted,2026-07-07T21:06:52.335212,554
070ea8b96651f269,https://ro.linkedin.com/jobs/view/community-engineer-multiple-roles-and-seniority-levels-at-jobgether-4435766704,Community Engineer (multiple roles and seniority levels),,scraped,2026-07-07T21:06:55.063639,
eb812ce6cd6968c7,https://ro.linkedin.com/jobs/view/brand-retail-advisor-iqos-slatina-at-interbrands-orbico-4426818823,Brand Retail Advisor IQOS - Slatina,,scraped,2026-07-07T21:07:01.495509,
ceda487b90a270c8,https://ro.linkedin.com/jobs/view/engineering-manager-machine-learning-at-adobe-4436827287,Engineering Manager - Machine Learning,Adobe,posted,2026-07-07T21:07:17.522270,556
7cd4ae2d1c306843,https://ro.linkedin.com/jobs/view/referent-opera%C8%9Biuni-export-at-poultry-investment-4434547436,Referent Operațiuni Export,,scraped,2026-07-07T21:07:20.190101,
dcbd7bc732fc508b,https://ro.linkedin.com/jobs/view/administrator-proprietati-si-coordonator-proiecte-amenajari-4374568239,Administrator proprietati si coordonator proiecte amenajari,Pro Conect SRL,posted,2026-07-07T21:07:45.758630,558
a43924c9183bf8d4,https://ro.linkedin.com/jobs/view/electrician-at-kronospan-4342302401,Electrician,,scraped,2026-07-07T21:07:48.442486,
497051e336b1e9dd,https://ro.linkedin.com/jobs/view/reprezentant-comercial-constan%C8%9Ba-at-imperial-brands-plc-4432361611,Reprezentant Comercial - Constanța,,scraped,2026-07-07T21:07:58.301292,
8d441d8c567bebc9,https://ro.linkedin.com/jobs/view/quality-specialist-sqa-lugoj-at-forvia-hella-4432765453,QUALITY SPECIALIST - SQA LUGOJ,,scraped,2026-07-07T21:08:04.899514,
93f456bd5242fc8f,https://ro.linkedin.com/jobs/view/specialist-conformitate-trasabilitate-material-lemnos-at-uerom-furniture-4434510847,Specialist Conformitate & Trasabilitate Material Lemnos,UEROM Furniture,posted,2026-07-07T21:08:27.683039,560
1ff3b9fe18416bdf,https://ro.linkedin.com/jobs/view/commission-analyst-at-vois-4434545604,Commission Analyst,,scraped,2026-07-07T21:08:34.471297,
adb6035936398de6,https://ro.linkedin.com/jobs/view/food-safety-coordinator-at-mondel%C4%93z-international-4437771154,Food Safety Coordinator,Mondelēz International,posted,2026-07-07T21:08:49.709201,562
6738f7ec3096cb30,https://ro.linkedin.com/jobs/view/accounting-specialist-at-aosom-romania-4435839317,Accounting Specialist,Aosom Romania,posted,2026-07-07T21:08:58.885854,374
03602428f9bd1099,https://ro.linkedin.com/jobs/view/store-layout-amp-space-planning-specialist-det-2-ani-f-m-at-undelucram-ro-4436030008,Store Layout &amp; Space Planning Specialist - det. 2 ani (f/m),Undelucram.ro,posted,2026-07-07T21:09:19.059028,564
f0fc281ff5552573,https://ro.linkedin.com/jobs/view/pharma-production-operator-at-zentiva-4425984755,Pharma Production Operator,,scraped,2026-07-07T21:09:25.678820,
b7b5ee78fa111bc7,https://ro.linkedin.com/jobs/view/information-technology-project-manager-at-hn-services-romania-4434550426,Information Technology Project Manager,,scraped,2026-07-07T21:09:33.224987,
aab863e8fb2f604a,https://ro.linkedin.com/jobs/view/lucr%C4%83tor-comercial-gusteritei-at-mega-image-ahold-delhaize-group-4437437542,Lucrător comercial - Gusteritei,,scraped,2026-07-07T21:09:42.483347,
14af32748ca9c1d6,https://ro.linkedin.com/jobs/view/lucr%C4%83tor-comercial-t%C3%A2rgu-mure%C8%99-tudor-vladimirescu-f-m-at-undelucram-ro-4435703895,Lucrător Comercial Târgu Mureș-Tudor Vladimirescu (f/m),Undelucram.ro,posted,2026-07-07T21:09:59.540362,566
7076821ef1f4bcf7,https://ro.linkedin.com/jobs/view/farmacist-lupeni-at-hipo-ro-4436968223,Farmacist Lupeni,,scraped,2026-07-07T21:10:02.163392,
d6d57bc9d062e74f,https://ro.linkedin.com/jobs/view/customer-quality-specialist-at-dr%C3%A4xlmaier-group-4436077630,Customer Quality Specialist,,scraped,2026-07-07T21:10:13.560587,
3119d26770c130bb,https://ro.linkedin.com/jobs/view/servicenow-developer-at-ntt-data-europe-latam-4433197784,ServiceNow Developer,NTT DATA Europe & Latam,posted,2026-07-07T21:10:29.508093,568
6ee2703484860897,https://ro.linkedin.com/jobs/view/knowledge-technology-consultant-at-pwc-romania-4369148296,Knowledge Technology Consultant,,scraped,2026-07-07T21:10:32.322349,
1b63849b48d032c2,https://ro.linkedin.com/jobs/view/order-demand-management-specialist-fixed-term-contract-at-hipo-ro-4435859240,Order & Demand Management Specialist (Fixed Term Contract),,scraped,2026-07-07T21:10:40.078588,
d522f3bb696e14a7,https://ro.linkedin.com/jobs/view/safety-model-data-quality-assurance-analyst-bulgarian-speaking-third-party-associate-at-tiktok-4435448892,Safety Model Data Quality Assurance Analyst - Bulgarian Speaking (Third-Party Associate),TikTok,posted,2026-07-07T21:10:54.573848,570
579ab793a7632767,https://ro.linkedin.com/jobs/view/safety-model-data-quality-assurance-analyst-bulgarian-speaking-third-party-associate-at-tiktok-4435454456,Safety Model Data Quality Assurance Analyst - Bulgarian Speaking (Third-Party Associate),TikTok,scraped,2026-07-07T21:10:58.853705,
7d6f6ed2f5d42a70,https://ro.linkedin.com/jobs/view/safety-model-data-quality-assurance-analyst-swahili-speaking-third-party-associate-at-tiktok-4436801573,Safety Model Data Quality Assurance Analyst - Swahili Speaking (Third-Party Associate),TikTok,posted,2026-07-07T21:11:11.487015,572
984db826dc263c65,https://ro.linkedin.com/jobs/view/tax-manager-emea-at-iron-mountain-4433170921,Tax Manager - EMEA,Iron Mountain,posted,2026-07-07T21:11:22.499245,574
08c887b19ab4258a,https://ro.linkedin.com/jobs/view/clinical-support-specialist-bucharest-at-stryker-4435439227,Clinical Support Specialist - Bucharest,Stryker,posted,2026-07-07T21:11:32.190753,576
cb5e6c5cda8c22fb,https://ro.linkedin.com/jobs/view/safety-model-data-quality-assurance-analyst-azerbaijani-speaking-third-party-associate-at-tiktok-4435463108,Safety Model Data Quality Assurance Analyst - Azerbaijani Speaking (Third-Party Associate),TikTok,posted,2026-07-07T21:11:41.815255,578
185cfa3ef10e18a9,https://ro.linkedin.com/jobs/view/payroll-hr-administration-manager-at-pepco-4435571404,Payroll & HR Administration Manager,,scraped,2026-07-07T21:11:44.659844,
b525cabe5ef3a7f2,https://ro.linkedin.com/jobs/view/operator-la-masini-unelte-semiautomate-si-automate-frezor-automatizari-at-airbus-4413628908,Operator la masini unelte semiautomate si automate - Frezor - Automatizari,Airbus,posted,2026-07-07T21:12:00.003945,580
58218b0f972aaff2,https://ro.linkedin.com/jobs/view/organization-design-operating-model-design-workforce-planning-consultant-deloitte-technology-delivery-center-at-deloitte-4305325579,"Organization Design, Operating Model Design & Workforce Planning - Consultant | Deloitte Technology Delivery Center",Deloitte,posted,2026-07-07T21:12:11.088170,582
a4ef36ccb8705b5c,https://ro.linkedin.com/jobs/view/specialist-clienti-pf-bistrita-at-raiffeisen-bank-romania-4428651567,Specialist Clienti PF Bistrita,,scraped,2026-07-07T21:12:13.574268,
7c0b77b237ee5d34,https://ro.linkedin.com/jobs/view/head-of-academic-innovation-2-hour-learning-remote-%24400-000-year-usd-at-crossover-4434392537,"Head of Academic Innovation, 2 Hour Learning (Remote) - $400,000/year USD",Crossover,posted,2026-07-07T21:12:29.616413,584
6a4eafe37b24be09,https://ro.linkedin.com/jobs/view/asistent-vanzari-jysk-cisnadie-at-undelucram-ro-4436273595,Asistent Vanzari JYSK Cisnadie,Undelucram.ro,posted,2026-07-07T21:12:43.594636,586
e678f435b321bec8,https://ro.linkedin.com/jobs/view/frontend-developer-at-hcltech-4436200000,Frontend Developer,,scraped,2026-07-07T21:12:46.307177,
c7d35eeccb4e26d4,https://ro.linkedin.com/jobs/view/sales-manager-romania-residential-energy-storage-systems-chinese-speaker-at-pt-talenta-eksekutif-asia-4435212669,Sales Manager - Romania (Residential Energy Storage Systems) - Chinese Speaker,PT Talenta Eksekutif Asia,posted,2026-07-07T21:12:58.199256,184
654e0907cfd2ae65,https://ro.linkedin.com/jobs/view/financial-analyst-at-solero-technologies-4385460909,Financial Analyst,Solero Technologies,posted,2026-07-07T21:13:07.819056,588
3d23f08a948d5876,https://ro.linkedin.com/jobs/view/electrical-design-engineer-at-blue-projects-4435038681,Electrical Design Engineer,,scraped,2026-07-07T21:13:10.513363,
d5ceeec2eea1bc9a,https://ro.linkedin.com/jobs/view/cards-development-manager-at-garanti-bbva-romania-4436712485,Cards Development Manager,,scraped,2026-07-07T21:13:19.905149,
92696013cee7d9f4,https://ro.linkedin.com/jobs/view/qc-manager-at-ecolab-4428820238,QC Manager,Ecolab,posted,2026-07-07T21:13:38.947235,590
f948605fc228c16f,https://ro.linkedin.com/jobs/view/manager-relatii-clienti-micro-slobozia-bucuresti-cluj-napoca-baia-mare-craiova-at-patria-bank-4436332754,MANAGER RELATII CLIENTI MICRO SLOBOZIA/BUCURESTI/CLUJ NAPOCA/BAIA MARE/CRAIOVA,Patria Bank,posted,2026-07-07T21:13:48.355139,592
7345816b055cff14,https://ro.linkedin.com/jobs/view/field-service-technician-power-transformers-at-siemens-energy-4283524382,Field Service Technician - Power Transformers,Siemens Energy,posted,2026-07-07T21:14:07.728656,594
18248dcfe7c3a617,https://ro.linkedin.com/jobs/view/consultant-financiar-agent-asigur%C4%83ri-de-via%C8%9B%C4%83-at-metropolitan-life-4430230229,Consultant financiar / Agent asigurări de viață,,scraped,2026-07-07T21:14:14.498653,
b446110234c3f1bb,https://ro.linkedin.com/jobs/view/crm-lead-at-lasvegas-4436483583,CRM Lead,,scraped,2026-07-07T21:14:21.548029,
5fdeaa223639e7e7,https://ro.linkedin.com/jobs/view/ehs-country-manager-at-lactalis-romania-4432322650,EHS Country Manager,Lactalis Romania,posted,2026-07-07T21:14:49.739832,596
14e30ac056f04148,https://ro.linkedin.com/jobs/view/system-administrator-at-infinity-capital-investments-sa-4425616270,System Administrator,,scraped,2026-07-07T21:14:54.420619,
e146597e10eabe0d,https://ro.linkedin.com/jobs/view/sales-manager-at-mommy-hai-4434570674,Sales Manager,,scraped,2026-07-07T21:15:01.362147,
80b1d74182e818fd,https://ro.linkedin.com/jobs/view/growth-marketer-at-the-flex-4436784116,Growth Marketer,,scraped,2026-07-07T21:15:09.943254,
abb7d6c9666dadee,https://ro.linkedin.com/jobs/view/senior-software-engineer-python-at-flowx-ai-4437792334,Senior Software Engineer - Python,FlowX.AI,posted,2026-07-07T21:15:25.066322,598
7ec0c79d0ed467d3,https://ro.linkedin.com/jobs/view/senior-data-analyst-at-endava-4428019442,Senior Data Analyst,,scraped,2026-07-07T21:15:27.766394,
f125d387f3a2f752,https://ro.linkedin.com/jobs/view/security-team-lead-at-taktile-4436796268,"Security, Team Lead",Taktile,posted,2026-07-07T21:15:44.554791,600
08ad2ded08a90dbb,https://ro.linkedin.com/jobs/view/technical-support-engineer-manager-at-microsoft-4436390481,Technical Support Engineer Manager,Microsoft,posted,2026-07-07T21:15:54.109872,602
e31c9283ca6342e6,https://ro.linkedin.com/jobs/view/hrbp-recruiting-and-training-at-sika-4433191270,HRBP & Recruiting and Training,,scraped,2026-07-07T21:15:56.838916,
4fd211176e61af62,https://ro.linkedin.com/jobs/view/site-start-up-feasibility-specialist-at-iterative-health-4434572632,Site Start-Up & Feasibility Specialist,Iterative Health,posted,2026-07-07T21:16:09.781375,604
785eaef1d0174286,https://ro.linkedin.com/jobs/view/senior-frontend-engineer-at-jobgether-4432375172,Senior Frontend Engineer,,scraped,2026-07-07T21:16:12.534035,
3d5fa639c3bc8f15,https://ro.linkedin.com/jobs/view/dispecer-transport-at-cartrans-romania-4434522406,Dispecer transport,,scraped,2026-07-07T21:16:19.291394,
163c0e9f71d96c4b,https://ro.linkedin.com/jobs/view/network-engineer-at-codeanalytiqa-consultancy-and-services-4436309295,Network Engineer,,scraped,2026-07-07T21:16:28.574638,
af9476f62d30dae5,https://ro.linkedin.com/jobs/view/recruitment-specialist-greek-at-deutsche-telekom-services-europe-romania-dtse-romania-4404692004,Recruitment Specialist (Greek),,scraped,2026-07-07T21:16:38.451681,
35af629b6f75f70e,https://ro.linkedin.com/jobs/view/senior-people-culture-business-partner-at-allianz-services-4405829211,Senior People & Culture Business Partner,Allianz Services,posted,2026-07-07T21:16:53.552041,606
3672844dba65e0f0,https://ro.linkedin.com/jobs/view/python-quantitative-developer-at-quanteam-uk-4434505995,Python Quantitative Developer,,scraped,2026-07-07T21:16:56.270626,
b88757085a1c581d,https://ro.linkedin.com/jobs/view/senior-sales-media-manager-at-infinitech-4435417893,Senior Sales Media Manager,InfiniTech,posted,2026-07-07T21:17:17.711658,608
609521681d6d82c9,https://ro.linkedin.com/jobs/view/hr-specialist-payroll-talent-at-gmv-4437807990,HR Specialist (Payroll & Talent),,scraped,2026-07-07T21:17:20.418783,
e4b9a27fa9c8e663,https://ro.linkedin.com/jobs/view/system-administrator-m-f-d-at-uniqa-asigurari-sa-4436562052,System Administrator (m/f/d),,scraped,2026-07-07T21:17:27.993261,
2e5239065686f25c,https://ro.linkedin.com/jobs/view/application-specialist-east-europe-at-elekta-4426385870,Application Specialist - EAST Europe,,scraped,2026-07-07T21:17:35.653108,
761cce518c9ff9e5,https://ro.linkedin.com/jobs/view/telesales-support-specialist-at-agricover-4437178558,Telesales Support Specialist,,scraped,2026-07-07T21:17:42.776146,
57e25822eb02d3ad,https://ro.linkedin.com/jobs/view/irrigation-contractor-manager-at-rain-bird-corporation-4426139340,Irrigation Contractor Manager,Rain Bird Corporation,posted,2026-07-07T21:17:58.974167,610
1417418e75d55835,https://ro.linkedin.com/jobs/view/noc-lead-at-hays-4437772102,NOC Lead,,scraped,2026-07-07T21:18:01.850066,
6eafe2a4ccc4d731,https://ro.linkedin.com/jobs/view/rituals-assistant-store-manager-asistentul-managerului-m-f-d-galati-romania-at-rituals-b-corp%E2%84%A2-4437189017,"Rituals - Assistant Store Manager / Asistentul Managerului (m/f/d) - Galati, Romania",,scraped,2026-07-07T21:18:09.462502,
b6fc8dd9ed18b302,https://ro.linkedin.com/jobs/view/soc-security-operations-center-analyst-at-dr%C3%A4xlmaier-group-4435573228,SOC (Security Operations Center) Analyst,,scraped,2026-07-07T21:18:16.851281,
e41801307dc96886,https://ro.linkedin.com/jobs/view/sales-representative-bakery-ingredients-at-dawn-foods-global-4337990790,Sales Representative Bakery Ingredients,Dawn Foods Global,posted,2026-07-07T21:18:31.280087,612
1c84441eb45ed59b,https://ro.linkedin.com/jobs/view/real-estate-broker-at-pinwell-4432745414,Real Estate Broker,PINWELL,posted,2026-07-07T21:18:42.265160,614
1e31b6b0ebcc87e2,https://ro.linkedin.com/jobs/view/ai-release-manager-at-icon-plc-4428016851,AI Release Manager,,scraped,2026-07-07T21:18:45.103721,
2b9fcee8850b1a65,https://ro.linkedin.com/jobs/view/internship-operations-area-%40ing-bank-at-hipo-ro-4437852500,Internship | Operations Area @ING Bank,,scraped,2026-07-07T21:18:52.214953,
16eefd6c7f6076a5,https://ro.linkedin.com/jobs/view/intern-software-development-amp-qa-at-ascom-ums-4432769074,Intern - Software Development &amp; QA,,scraped,2026-07-07T21:19:00.281832,
6046d4111bf9eaf8,https://ro.linkedin.com/jobs/view/hydraulic-engineer-at-tata-technologies-4437748086,Hydraulic Engineer,,scraped,2026-07-07T21:19:08.784156,
b59ea39ab417c460,https://ro.linkedin.com/jobs/view/qa-automation-engineer-f-m-x-at-deutsche-bank-4437495412,QA Automation Engineer (f/m/x),,scraped,2026-07-07T21:19:15.646695,
6db2620cf79c939a,https://ro.linkedin.com/jobs/view/intern-software-development-qa-at-ascom-4435204709,Intern - Software Development & QA,,scraped,2026-07-07T21:19:22.794393,
29026ac1b99391c5,https://ro.linkedin.com/jobs/view/inginer-ccia-at-optgroup-srl-4432772016,Inginer CCIA,,scraped,2026-07-07T21:19:31.746664,
25798ce57c67f70c,https://ro.linkedin.com/jobs/view/architecture-specialist-data-center-at-aecom-4433169960,Architecture Specialist (Data Center),AECOM,posted,2026-07-07T21:19:47.054812,616
ea98a08ca8001870,https://ro.linkedin.com/jobs/view/software-engineer-ai-training-at-alignerr-4435362501,Software Engineer (AI Training),Alignerr,posted,2026-07-07T21:19:52.002919,384
bc7890930c961d83,https://ro.linkedin.com/jobs/view/junior-java-developer-%E2%80%93-data-integration-at-everymatrix-4435588586,Junior Java Developer – Data Integration,,scraped,2026-07-07T21:19:54.880716,
8ab8afe9ea887bf5,https://ro.linkedin.com/jobs/view/coordonator-programe-de-formare-mamaia-bucure%C8%99ti-at-grafton-recruitment-4435211645,Coordonator Programe de Formare | Mamaia & București,,scraped,2026-07-07T21:20:05.886257,
75b8a3b1a81e20b7,https://ro.linkedin.com/jobs/view/senior-manager-global-customer-desk-gem-functional-excellence-at-garrett-advancing-motion-4437185868,Senior Manager Global Customer Desk & GEM Functional Excellence,,scraped,2026-07-07T21:20:13.909805,
8efa7b66dbb93cd4,https://ro.linkedin.com/jobs/view/legal-advisor-at-union-serv-4437743487,Legal Advisor,,scraped,2026-07-07T21:20:29.796925,
a29ff28011b0939c,https://ro.linkedin.com/jobs/view/freelance-agent-evaluation-engineer-at-mindrift-4437149828,Freelance Agent Evaluation Engineer,Mindrift,posted,2026-07-07T21:20:43.509484,618
b973245a936b1d13,https://ro.linkedin.com/jobs/view/product-manager-parchet-at-brico-depot-romania-part-of-altex-4437193493,Product Manager Parchet,Brico Depot Romania (part of Altex),posted,2026-07-07T21:21:31.867182,620
15107bd5dc952150,https://ro.linkedin.com/jobs/view/project-manager-public-funding-r-d-projects-at-hipo-ro-4437855528,Project Manager - Public Funding R&D Projects,,scraped,2026-07-07T21:21:34.543597,
996b1f850ab3780d,https://ro.linkedin.com/jobs/view/anaplan-solution-architect-at-ibm-4403705832,Anaplan Solution Architect,IBM,posted,2026-07-07T21:21:55.679401,622
2992fc3c039c9179,https://ro.linkedin.com/jobs/view/project-planner-planning-engineer-at-hipo-ro-4437864196,Project Planner / Planning Engineer,,scraped,2026-07-07T21:22:02.289044,
34de41a2760a3bda,https://ro.linkedin.com/jobs/view/sap-ewm-rollout-consultant-at-bosch-romania-4432784779,SAP EWM Rollout Consultant,,scraped,2026-07-07T21:22:12.752678,
315276c23420f33b,https://ro.linkedin.com/jobs/view/brand-retail-advisor-iqos-balotesti-at-interbrands-orbico-4426800528,Brand Retail Advisor IQOS - Balotesti,,scraped,2026-07-07T21:22:20.706819,
f9fdf7e6349e64fa,https://ro.linkedin.com/jobs/view/quality-analist-safety-item-manager-sim-at-airbus-4385474724,Quality Analist - Safety Item Manager (SIM),Airbus,posted,2026-07-07T21:22:37.721916,624
e816bf70e94f2ec4,https://ro.linkedin.com/jobs/view/quality-manager-renewables-fagaras-at-engie-romania-4437187148,Quality manager renewables (Fagaras),,scraped,2026-07-07T21:22:40.488639,
15898c3cdb5b0e9b,https://ro.linkedin.com/jobs/view/lucr%C4%83tor-comercial-br%C3%A2ncu%C8%99i-cluj-at-mega-image-ahold-delhaize-group-4437853319,Lucrător comercial - Brâncuși Cluj,,scraped,2026-07-07T21:22:48.911563,
918fb9621b147b6c,https://ro.linkedin.com/jobs/view/join-our-talent-network-your-electrified-future-starts-here%21-at-schaeffler-4405159193,Join Our Talent Network: Your Electrified Future Starts Here!,Schaeffler,posted,2026-07-08T07:22:04.226256,636
686789ef55f45dec,https://ro.linkedin.com/jobs/view/join-our-talent-network-your-electrified-future-starts-here%21-at-schaeffler-4405168070,Join Our Talent Network: Your Electrified Future Starts Here!,Schaeffler,posted,2026-07-08T07:22:17.247494,636
8bbabde4535a4559,https://ro.linkedin.com/jobs/view/facility-administrator-ploiesti-plant-at-coca-cola-hbc-4436704858,Facility Administrator - Ploiesti Plant,,scraped,2026-07-08T07:22:19.992266,
c7a5bf8237d95c11,https://ro.linkedin.com/jobs/view/estimator-at-nvent-4428105276,Estimator,nVent,posted,2026-07-08T07:23:10.618273,638
8515f9309838cf79,https://ro.linkedin.com/jobs/view/facility-maintenance-specialist-at-fedex-4417710427,Facility Maintenance Specialist,FedEx,posted,2026-07-08T07:23:46.156557,640
2145c5b9d69b72a5,https://ro.linkedin.com/jobs/view/facility-maintenance-specialist-at-fedex-4417722141,Facility Maintenance Specialist,FedEx,posted,2026-07-08T07:23:53.089039,640
ce9c36cbb66cfb87,https://ro.linkedin.com/jobs/view/lucrator-depozit-at-rosehome-horeca-shop-4433183537,Lucrator Depozit,,scraped,2026-07-08T07:23:55.707113,
ffe9c34961b807e7,https://ro.linkedin.com/jobs/view/al%C4%83tur%C4%83-te-echipei-variosystems-candidatur%C4%83-spontan%C4%83-m-w-d-at-variosystems-4429231616,Alătură-te echipei Variosystems - Candidatură spontană (m/w/d),,scraped,2026-07-08T07:24:04.882218,
6b4abada585563e3,https://ro.linkedin.com/jobs/view/fochist-stocker-lehliu-at-bunge-4384823795,Fochist (Stocker) - Lehliu,Bunge,posted,2026-07-08T07:24:30.288294,642
4fee183a5a29e59b,https://ro.linkedin.com/jobs/view/admin-at-amo-connect-4438129435,Admin,,scraped,2026-07-08T07:24:33.097778,
d18345aa2c0157e1,https://ro.linkedin.com/jobs/view/mba-full-time-position-at-roland-berger-4434522498,MBA Full-time Position,,scraped,2026-07-08T07:24:40.394392,
0155f878554914fa,https://ro.linkedin.com/jobs/view/business-manager-europe-at-jobgether-4435023844,"Business Manager, Europe",,scraped,2026-07-08T07:24:47.988115,
71f5ab2f606dfe19,https://ro.linkedin.com/jobs/view/logistics-manager-at-concepta-llc-4435475071,Logistics Manager,Concepta LLC,posted,2026-07-08T07:25:10.808439,644
741c4ceb59cc8e45,https://ro.linkedin.com/jobs/view/interpreter-at-rompetrol-kmg-international-4437006302,Interpreter,Rompetrol (KMG International),posted,2026-07-08T07:25:35.490066,646
5b20edd6987344c2,https://ro.linkedin.com/jobs/view/data-analyst-excel-remote-at-yo-it-consulting-4437703726,Data Analyst Excel - Remote,,scraped,2026-07-08T07:25:42.210646,
c56aff64bfa62dfb,https://ro.linkedin.com/jobs/view/associate-recruiter-at-jobgether-4436887841,Associate Recruiter,,scraped,2026-07-08T07:25:48.623795,
398dc0ecee98f836,https://ro.linkedin.com/jobs/view/analytics-insights-partner-at-the-lego-group-4413609517,Analytics & Insights Partner,the LEGO Group,posted,2026-07-08T07:26:11.729061,648
4585a9bf7f10a035,https://ro.linkedin.com/jobs/view/surveyor-solar-power-plant-project-at-undelucram-ro-4435711417,Surveyor - Solar Power Plant Project,Undelucram.ro,posted,2026-07-08T07:26:27.211336,650
2754528cb631c599,https://ro.linkedin.com/jobs/view/ads-creative-strategist-e-commerce-marketing-agency-at-hustler-marketing-4436330993,Ads Creative Strategist - E-commerce Marketing Agency,,scraped,2026-07-08T07:26:29.901958,
589aae72b53b158c,https://ro.linkedin.com/jobs/view/performance-marketing-specialist-at-cloudevo-4437811101,Performance Marketing Specialist,,scraped,2026-07-08T07:26:38.383574,
3b4cd015a8a5d12e,https://ro.linkedin.com/jobs/view/ingest-specialist-english-eu-at-simply-tv-4437175859,Ingest Specialist - English (EU),,scraped,2026-07-08T07:26:45.139987,
344f2cb644e97bcb,https://ro.linkedin.com/jobs/view/junior-electrical-engineer-%E2%80%93-renewable-energy-at-aecom-4432797547,Junior Electrical Engineer – Renewable Energy,AECOM,posted,2026-07-08T07:27:10.342937,652
a4e733a3eda5597d,https://ro.linkedin.com/jobs/view/talent-manager-at-jobgether-4434605452,Talent Manager,,scraped,2026-07-08T07:27:13.016542,
c20da39f767fa7da,https://ro.linkedin.com/jobs/view/freelance-presentation-designer-at-mindrift-4436701775,Freelance Presentation Designer,Mindrift,posted,2026-07-08T07:27:36.046253,654
a850799b92fe3959,https://ro.linkedin.com/jobs/view/office-assistant-at-bdo-romania-4434806993,Office Assistant,,scraped,2026-07-08T07:27:38.744929,
5a80f682006bdeeb,https://ro.linkedin.com/jobs/view/in-house-counsel-at-faac-technologies-4436830774,In-House Counsel,,scraped,2026-07-08T07:27:49.272719,
a0f7943d6a815f1e,https://ro.linkedin.com/jobs/view/business-development-manager-emea-growth-expansion-at-jobgether-4435048630,Business Development Manager EMEA (Growth & Expansion),,scraped,2026-07-08T07:27:56.656588,
bd4f52c43f16baed,https://ro.linkedin.com/jobs/view/machine-learning-engineer-data-ai-data-science-vipers-team-at-emag-4436775457,"Machine Learning Engineer (Data & AI, Data Science Vipers Team)",,scraped,2026-07-08T07:28:05.421904,
a97352aff94279e1,https://ro.linkedin.com/jobs/view/home-assistant-python-developer-for-hardware-at-nabu-casa-4437797746,Home Assistant Python Developer for Hardware,Nabu Casa,posted,2026-07-08T07:28:20.670429,656
1d1f5b8e17618926,https://ro.linkedin.com/jobs/view/redactor-at-tonica-group-4436705129,Redactor,Tonica Group,posted,2026-07-08T07:28:40.798949,658
fead3a88685c4702,https://ro.linkedin.com/jobs/view/customer-service-representative-at-szallas-group-4432386755,Customer Service Representative,,scraped,2026-07-08T07:28:45.555236,
60a7d7c3acc921b6,https://ro.linkedin.com/jobs/view/senior-director-strategy-integration-ro-at-the-coca-cola-company-4437893609,"Senior Director, Strategy Integration, RO",The Coca-Cola Company,posted,2026-07-08T07:29:07.969362,660
c1969bc3abce0bbe,https://ro.linkedin.com/jobs/view/head-of-engineering-at-jobgether-4436052126,Head of Engineering,,scraped,2026-07-08T07:29:14.651868,
aae4597180b62cd1,https://ro.linkedin.com/jobs/view/value-engineer-at-harman-international-4433183315,Value Engineer,HARMAN International,posted,2026-07-08T07:29:34.265625,662
6be8562fe90441e2,https://ro.linkedin.com/jobs/view/indirect-materials-buyer-at-yazaki-component-technology-romania-4425475694,Indirect Materials Buyer,,scraped,2026-07-08T07:29:36.877863,
f09511e9b3438741,https://ro.linkedin.com/jobs/view/supplier-quality-technician-i-at-plexus-corp-4436331675,Supplier Quality Technician I,Plexus Corp.,posted,2026-07-08T07:29:54.252421,664
0eec974b77f24b13,https://ro.linkedin.com/jobs/view/developer-relations-p2p-100%25-remote-at-tether-io-4379000560,Developer Relations P2P (100% remote),Tether.io,posted,2026-07-08T07:30:07.177863,666
8578e7ffb661ccba,https://ro.linkedin.com/jobs/view/material-planner-at-polycontact-hermannstadt-4432771983,material planner,,scraped,2026-07-08T07:30:11.869923,
4294dbca83215ca5,https://ro.linkedin.com/jobs/view/game-presenter-english-speakers-at-grow-tech-com-4435409069,Game Presenter (English Speakers),Grow-tech.com,posted,2026-07-08T07:30:36.061000,668
70f2dd6b46a8e7d9,https://ro.linkedin.com/jobs/view/load-balancer-administrator-at-banca-transilvania-4428809212,Load Balancer Administrator,Banca Transilvania,posted,2026-07-08T07:30:54.488066,670
a2990dca2cb0a75e,https://ro.linkedin.com/jobs/view/developing-senior-auditor-no-experience-required-at-pwc-romania-4417894932,Developing Senior Auditor (no experience required),,scraped,2026-07-08T07:30:59.136785,
a1828251633f5d61,https://ro.linkedin.com/jobs/view/error-manager-at-luxoft-4438156543,Error Manager,,scraped,2026-07-08T07:31:07.433349,
1855662b667fab9e,https://ro.linkedin.com/jobs/view/chief-financial-officer-at-grafton-recruitment-4436065892,Chief Financial Officer,,scraped,2026-07-08T07:31:27.671221,
ee4eed21d3153bbf,https://ro.linkedin.com/jobs/view/content-marketer-at-jobgether-4435793002,Content Marketer,,scraped,2026-07-08T07:31:35.837470,
ccbb57ef93753b52,https://ro.linkedin.com/jobs/view/geospatial-analysis-specialist-remote-at-yo-it-consulting-4436897025,Geospatial Analysis Specialist - Remote,,scraped,2026-07-08T07:31:42.498094,
46a73633eeaefd6b,https://ro.linkedin.com/jobs/view/electrical-engineer-at-tata-technologies-4413929455,Electrical Engineer,,scraped,2026-07-08T07:31:51.110611,
114d882fed8221e4,https://ro.linkedin.com/jobs/view/customer-support-sales-specialist-english-speaker-at-cognizant-4433928859,Customer Support Sales Specialist - English Speaker,Cognizant,posted,2026-07-08T07:32:14.979231,672
fdc5a1213bb645fd,https://ro.linkedin.com/jobs/view/operator-curatenie-industriala-at-kronospan-4437199726,Operator curatenie industriala,,scraped,2026-07-08T07:32:23.648752,
79a7bf86d29043a3,https://ro.linkedin.com/jobs/view/customs-specialist-autoliv-at-hipo-ro-4436775716,Customs Specialist - Autoliv,,scraped,2026-07-08T07:32:33.163587,
32e32b72cf4c8efa,https://ro.linkedin.com/jobs/view/montator-subansamble-at-schaeffler-4418921524,Montator subansamble,Schaeffler,posted,2026-07-08T07:32:49.713773,264
86542d056e10c380,https://ro.linkedin.com/jobs/view/line-operator-process-at-pepsico-4432795936,Line Operator - Process,PepsiCo,posted,2026-07-08T07:33:04.049819,674
567b41dbd93fcaf7,https://ro.linkedin.com/jobs/view/merchandiser-tobacco-suceava-at-interbrands-orbico-4432368885,Merchandiser - Tobacco - Suceava,,scraped,2026-07-08T07:33:06.806317,
a29c9474be75f3e9,https://ro.linkedin.com/jobs/view/instalator-%C3%AEn-preg%C4%83tire-at-delgaz-grid-4432764771,Instalator în Pregătire,,scraped,2026-07-08T07:33:15.110980,
c366ea7541ee0078,https://ro.linkedin.com/jobs/view/mecanic-mechanic-iasi-at-bunge-4342682780,Mecanic (Mechanic) - Iasi,Bunge,posted,2026-07-08T07:33:35.834278,676
aa99a3b0f4ebb54f,https://ro.linkedin.com/jobs/view/v%C3%A2nz%C4%83tor-buz%C4%83u-transilvaniei-f-m-at-undelucram-ro-4436880382,"Vânzător Buzău, Transilvaniei (f/m)",Undelucram.ro,posted,2026-07-08T07:33:52.783995,678
9ac3a251f9aeee3b,https://ro.linkedin.com/jobs/view/crew-lucrator-comercial-mcdonald-s-deva-at-undelucram-ro-4435012419,Crew- Lucrator comercial McDonald's Deva,Undelucram.ro,posted,2026-07-08T07:34:07.719768,680
302d7e27c3e8b8f8,https://ro.linkedin.com/jobs/view/expeditor-intern-international-transport-rutier-marfuri-at-hipo-ro-4436784306,Expeditor intern/international transport rutier marfuri,,scraped,2026-07-08T07:34:12.413988,
01605237d0a1d834,https://ro.linkedin.com/jobs/view/store-manager-iasi-at-undelucram-ro-4436267764,STORE MANAGER - IASI,Undelucram.ro,posted,2026-07-08T07:34:33.697347,682
f15aff7b7f0e8fb1,https://ro.linkedin.com/jobs/view/director-adjunct-de-magazin-dej-at-undelucram-ro-4436883287,Director Adjunct de Magazin Dej,Undelucram.ro,posted,2026-07-08T07:34:51.269974,684
c380fcb8b58daadc,https://ro.linkedin.com/jobs/view/strungar-cnc-at-schaeffler-4437794475,Strungar CNC,Schaeffler,posted,2026-07-08T07:35:07.496706,686
685308ad764edd62,https://ro.linkedin.com/jobs/view/chief-accountant-at-undelucram-ro-4436270741,Chief Accountant,Undelucram.ro,posted,2026-07-08T07:35:31.751212,688
a51a03d6ac930e92,https://ro.linkedin.com/jobs/view/threat-researcher-i-remote-rou-at-undelucram-ro-4435700956,"Threat Researcher I (Remote, ROU)",Undelucram.ro,posted,2026-07-08T07:35:57.132920,690
98dc831be7882f19,https://ro.linkedin.com/jobs/view/operator-drona-at-hipo-ro-4436965301,Operator Drona,,scraped,2026-07-08T07:35:59.826516,
aa4250dca5f2bb14,https://ro.linkedin.com/jobs/view/country-manager-romania-at-wise-4436210755,Country Manager - Romania,Wise,posted,2026-07-08T07:36:56.961976,692
d2a0f9b26842eff6,https://ro.linkedin.com/jobs/view/desktop-administrator-ii-at-plexus-corp-4437794413,Desktop Administrator II,Plexus Corp.,posted,2026-07-08T07:37:10.528514,694
32fec7808fcb2b18,https://ro.linkedin.com/jobs/view/sofer-profesionist-at-kronospan-4436823921,Sofer profesionist,,scraped,2026-07-08T07:37:13.147502,
0cabd1cbb208ba5a,https://ro.linkedin.com/jobs/view/inspector-ssm-activitate-teren-neamt-at-protectia-muncii-ssm-rsge-4380852328,Inspector SSM - activitate teren Neamt,,scraped,2026-07-08T07:37:21.216009,
4cf8a17568296db1,https://ro.linkedin.com/jobs/view/purchasing-sustainability-and-supplier-due-dilligence-coordiator-at-oesl-automotive-4430501020,Purchasing Sustainability and Supplier Due Dilligence Coordiator,OESL-Automotive,posted,2026-07-08T07:37:37.696516,696
590d84b8aabf77c2,https://ro.linkedin.com/jobs/view/supply-chain-coordinator-at-cummins-europe-4436816426,Supply Chain Coordinator,,scraped,2026-07-08T07:37:40.426820,
014c78ee56d5e7e8,https://ro.linkedin.com/jobs/view/global-process-owner-payroll-and-time-attendance-at-oesl-automotive-4413800328,Global Process Owner Payroll and Time & Attendance,OESL-Automotive,posted,2026-07-08T07:37:54.565865,698
0953acf31217cf26,https://ro.linkedin.com/jobs/view/consultant-financiar-at-svn-credit-romania-4432799434,Consultant financiar,,scraped,2026-07-08T07:37:57.402751,
15936d8bb9ae269e,https://ro.linkedin.com/jobs/view/broker-de-credite-hub-manager-at-123credit-ro-4433796182,Broker de credite / Hub Manager,123Credit.ro,posted,2026-07-08T07:38:15.650082,700
426fadaaaa1c27a5,https://ro.linkedin.com/jobs/view/instalator-autorizat-anre-at-engie-romania-4432374788,Instalator Autorizat ANRE,,scraped,2026-07-08T07:38:22.401484,
d9704f85a1a6ea7e,https://ro.linkedin.com/jobs/view/npm-purchasing-emea-category-buyer-services-ctbc-at-continental-industry-4436200719,NPM Purchasing EMEA Category Buyer - Services CTBC,,scraped,2026-07-08T07:38:30.826051,
2177057eb114cbbb,https://ro.linkedin.com/jobs/view/buyer-m%C4%83rci-proprii-at-carrefour-rom%C3%A2nia-4438149796,Buyer Mărci Proprii,,scraped,2026-07-08T07:38:37.604234,
de81512f68827597,https://ro.linkedin.com/jobs/view/management-traineeship-cluj-at-mainfreight-europe-4262153525,Management Traineeship Cluj,,scraped,2026-07-08T07:38:45.672111,
228dd8414c68b472,https://ro.linkedin.com/jobs/view/operator-productie-at-hamilton-central-europe-4432356148,Operator productie,,scraped,2026-07-08T07:38:52.237137,
399ec6cb43f27dd1,https://ro.linkedin.com/jobs/view/manufacturing-technician-i-at-benchmark-4437784467,Manufacturing Technician I,Benchmark,posted,2026-07-08T07:39:11.160009,702
97c765062b02bdf7,https://ro.linkedin.com/jobs/view/applied-scientist-amazon-compliance-and-safety-services-at-amazon-4409185516,"Applied Scientist, Amazon Compliance and Safety Services",Amazon,posted,2026-07-08T07:39:38.423196,298
dd5101c21b9db943,https://ro.linkedin.com/jobs/view/assistant-fire-chief-of-operations-at-v2x-inc-4436232684,Assistant Fire Chief of Operations,V2X Inc,posted,2026-07-08T07:39:51.251091,704
0eb478a7071b7497,https://ro.linkedin.com/jobs/view/food-and-beverage-manager-at-crowne-plaza-constanta-mamaia-beach-4437755362,Food and Beverage Manager,Crowne Plaza Constanta - Mamaia Beach,posted,2026-07-08T07:40:07.825435,706
eed176fa80159872,https://ro.linkedin.com/jobs/view/market-intelligence-professional-at-freudenberg-group-4436719586,Market Intelligence Professional,,scraped,2026-07-08T07:40:12.535003,
591d6ca1b620551b,https://ro.linkedin.com/jobs/view/electrician-at-delgaz-grid-4432784122,Electrician,,scraped,2026-07-08T07:40:20.389965,
8ecd584d2d216023,https://ro.linkedin.com/jobs/view/maintenance-engineer-tro-at-autoliv-4427538812,Maintenance Engineer TRO,,scraped,2026-07-08T07:40:28.125097,
33a25c676cb7296c,https://ro.linkedin.com/jobs/view/rpa-developer-m-f-d-at-deutsche-telekom-4432345957,RPA Developer (m/f/d),,scraped,2026-07-08T07:40:36.095620,
5a0e9a82eb373a26,https://ro.linkedin.com/jobs/view/sap-bw-hana-analytics-at-ibm-4415215668,SAP BW HANA Analytics,IBM,posted,2026-07-08T07:40:53.923794,708
172223c8695f99ec,https://ro.linkedin.com/jobs/view/affiliate-manager-%E2%80%93-for-sweden-denmark-markets-at-solidstake-4436315366,Affiliate Manager – For Sweden & Denmark markets,SolidStake,posted,2026-07-08T07:41:01.082302,178
bda0e2dc653c30b0,https://ro.linkedin.com/jobs/view/data-engineer-at-ewals-cargo-care-4435424367,Data Engineer,,scraped,2026-07-08T07:41:05.852969,
8d1a9bc170d725a9,https://ro.linkedin.com/jobs/view/business-development-representative-bdr-remote-program-partnerships-at-the-intern-group-4435828564,"Business Development Representative (BDR), Remote Program Partnerships",,scraped,2026-07-08T07:41:12.533439,
3417a544234030e9,https://ro.linkedin.com/jobs/view/mecanic-at-kronospan-4437402529,Mecanic,,scraped,2026-07-08T07:41:20.549695,
e08aafb3172db7b7,https://ro.linkedin.com/jobs/view/rpa-developer-at-deutsche-telekom-services-europe-romania-dtse-romania-4435523924,RPA Developer,,scraped,2026-07-08T07:41:28.698033,
98f023666df05d9f,https://ro.linkedin.com/jobs/view/internal-audit-operations-specialist-at-vertiv-4417736855,Internal Audit Operations Specialist,Vertiv,posted,2026-07-08T07:41:46.263496,710
2ee8a1d25ce0a6a2,https://ro.linkedin.com/jobs/view/product-manager-ii-wear-os-at-google-4426965900,"Product Manager II, Wear OS",Google,posted,2026-07-08T07:42:01.306281,712
0a58270c91f75b47,https://ro.linkedin.com/jobs/view/cost-estimator-engineer-at-red-engineering-design-4398014755,Cost Estimator Engineer,,scraped,2026-07-08T07:42:03.946107,
af4edaaa0ca606db,https://ro.linkedin.com/jobs/view/workday-integration-developer-at-edenred-digital-center-bucharest-4436369244,Workday Integration Developer,,scraped,2026-07-08T07:42:11.552738,
e502c523a07fd1d1,https://ro.linkedin.com/jobs/view/spanish-speaking-customer-support-jobs-work-and-live-in-sofia-at-mercier-consultancy-md-4437414648,Spanish Speaking Customer Support Jobs - Work and Live in Sofia,Mercier Consultancy MD,posted,2026-07-08T07:42:29.288377,714
39b6db04dc141a90,https://ro.linkedin.com/jobs/view/ai-engineer-at-undelucram-ro-4435711419,AI Engineer,Undelucram.ro,posted,2026-07-08T07:42:52.747280,716
84f3b30c50c1f0ce,https://ro.linkedin.com/jobs/view/deputy-cto-ai-product-at-jobgether-4432355030,Deputy CTO (AI Product),,scraped,2026-07-08T07:42:57.434268,
51420ad215fcc61d,https://ro.linkedin.com/jobs/view/sales-manager-at-netland-romania-4412764014,Sales Manager,,scraped,2026-07-08T07:43:04.061293,
50156913caaf4a41,https://ro.linkedin.com/jobs/view/specialist-ehs-reporting-m-f-d-at-basf-4437747603,Specialist EHS Reporting (m/f/d),,scraped,2026-07-08T07:43:11.261275,
db5c0f5f63d3f20c,https://ro.linkedin.com/jobs/view/retail-relationship-manager-satu-mare-at-garanti-bbva-romania-4437739451,Retail Relationship Manager - Satu Mare,,scraped,2026-07-08T07:43:19.414255,
9303004e9cf2cae1,https://ro.linkedin.com/jobs/view/market-intelligence-analyst-at-iron-mountain-4437876838,Market Intelligence Analyst,Iron Mountain,posted,2026-07-08T07:43:35.870603,718
d09ad4ad549fa14a,https://ro.linkedin.com/jobs/view/iam-engineer-tires-at-continental-4432844842,IAM Engineer - Tires,,scraped,2026-07-08T07:43:38.591295,
090139df7c2e766b,https://ro.linkedin.com/jobs/view/%F0%9F%93%8Darea-sales-manager-zona-moldova-4434502485,📍Area Sales Manager | Zona Moldova,Mobilize Financial Services - Renault Group,posted,2026-07-08T07:43:55.083957,720
1b98458e1bfdbee5,https://ro.linkedin.com/jobs/view/manage-deposit-leresti-campulung-muscel-site-ref-tuz8s-at-rsight%C2%AE-4428839123,Manage Deposit - Leresti-Campulung Muscel Site (Ref:tUZ8s),,scraped,2026-07-08T07:43:57.715796,
4053fce2af938203,https://ro.linkedin.com/jobs/view/global-commodity-manager-at-thyssenkrupp-bilstein-sibiu-4436832933,Global Commodity Manager,,scraped,2026-07-08T07:44:04.681793,
f2f701a93677e310,https://ro.linkedin.com/jobs/view/project-manager-%E2%80%93-software-delivery-at-gefee-technologies-4434526583,Project Manager – Software Delivery,,scraped,2026-07-08T07:44:22.109220,
b8b9d0565b6f5de4,https://ro.linkedin.com/jobs/view/product-manager-interfaces-at-jobgether-4435034976,Product Manager - Interfaces,,scraped,2026-07-08T07:44:32.234572,
e1cfe74066ef0f73,https://ro.linkedin.com/jobs/view/service-desk-analyst-l1-with-arabic-french-at-hipo-ro-4436391661,Service Desk Analyst L1 with Arabic/ French,,scraped,2026-07-08T07:44:38.727137,
4edb4ff64e40de87,https://ro.linkedin.com/jobs/view/technical-sales-manager-at-abn-feeds-4435481179,Technical Sales Manager,,scraped,2026-07-08T07:44:47.844814,
3a8485d44ff7c454,https://ro.linkedin.com/jobs/view/regional-purchaser-emea-at-prohuman-romania-4437786364,Regional Purchaser EMEA,,scraped,2026-07-08T07:44:56.821053,
21715a130c608a17,https://ro.linkedin.com/jobs/view/bmc-developer-at-accenture-romania-4436859641,BMC Developer,Accenture Romania,posted,2026-07-08T07:45:33.944372,722
9191120c7d5449bf,https://ro.linkedin.com/jobs/view/business-development-executive-at-energy-investment-4434809899,Business Development Executive,Energy Investment,posted,2026-07-08T07:45:47.127322,54
c4d95df354efc676,https://ro.linkedin.com/jobs/view/customer-support-representative-at-mcc-label-4428016109,Customer Support Representative,MCC Label,posted,2026-07-08T07:46:00.107897,724
5f5a6ed09603cb6b,https://ro.linkedin.com/jobs/view/customer-support-agent-at-olx-4432041246,Customer Support Agent,,scraped,2026-07-08T07:46:03.024712,
0235e94e62aa4b05,https://ro.linkedin.com/jobs/view/marketing-ai-automation-specialist-at-optitex-4437869963,Marketing AI & Automation Specialist,Optitex,posted,2026-07-08T07:46:16.960884,726
300ccae1ed16e35e,https://ro.linkedin.com/jobs/view/junior-engineer-2nd-line-at-vois-4425389379,Junior Engineer 2nd Line,,scraped,2026-07-08T07:46:19.872582,
775ce9e3700f18a7,https://ro.linkedin.com/jobs/view/qa-manual-engineer-at-hcltech-4435213210,QA Manual Engineer,,scraped,2026-07-08T07:46:27.227718,
20ccb75f8dd81bbc,https://ro.linkedin.com/jobs/view/product-manager-revenue-growth-management-at-crown-imports-llc-4437816770,"Product Manager, Revenue Growth Management","Crown Imports, LLC",posted,2026-07-08T07:46:46.555097,728
c639d7ec517d985e,https://ro.linkedin.com/jobs/view/%C8%99ef-raion-t%C3%A2rgu-mure%C8%99-ora%C8%99ul-de-jos-f-m-at-undelucram-ro-4436871851,Șef Raion Târgu Mureș-Orașul de Jos (f/m),Undelucram.ro,posted,2026-07-08T07:47:00.607574,730
538d5361ab8196b3,https://ro.linkedin.com/jobs/view/innovative-project-planner-data-centres-buildings-high-tech-infrastructure-poland-hungary-romania-czech-republic-hybrid-at-laminar-projects-4360045190,"Innovative Project Planner (Data Centres/Buildings/High-tech/Infrastructure) - Poland, Hungary, Romania, Czech Republic (Hybrid)",,scraped,2026-07-08T07:47:05.440847,
836d4688ededcffa,https://ro.linkedin.com/jobs/view/product-specialist-at-grafton-recruitment-4436081497,Product Specialist,,scraped,2026-07-08T07:47:12.002179,
f3adf570e03f8240,https://ro.linkedin.com/jobs/view/penetration-tester-at-atyeti-inc-4437755603,Penetration Tester,Atyeti Inc,posted,2026-07-08T07:47:27.138209,732
32d2ff70ea8355d9,https://ro.linkedin.com/jobs/view/functional-safety-manager-at-magna-international-4436711747,Functional Safety Manager,,scraped,2026-07-08T07:47:29.930843,
c8ae506019108c8d,https://ro.linkedin.com/jobs/view/%EB%8F%84%EC%8B%AC%EB%AC%BC%EB%A5%98%EB%A7%A4%EC%9E%A5-mfc-%EC%9A%B4%EC%98%81-%EB%AC%B4%EA%B8%B0%EA%B3%84%EC%95%BD%EC%A7%81-%EA%B4%91%EC%A3%BC%EC%A0%90-at-cj-olive-young-4426596897,도심물류매장 MFC 운영(무기계약직) - 광주점,CJ OLIVE YOUNG,posted,2026-07-08T07:47:48.502569,734
57d8716c7df2b1e0,https://ro.linkedin.com/jobs/view/retail-professional-at-adidas-4434514967,Retail Professional,,scraped,2026-07-08T07:47:51.151841,
02e7dbc2e9da12c7,https://ro.linkedin.com/jobs/view/administrator-operatiuni-curente-sucursala-suceava-at-brd-groupe-societe-generale-4432351609,Administrator Operatiuni Curente - Sucursala Suceava,,scraped,2026-07-08T07:48:01.007872,
75ff2349c162bd6b,https://ro.linkedin.com/jobs/view/mechanical-design-engineer-at-siemens-4408636457,Mechanical Design Engineer,Siemens,posted,2026-07-08T07:48:18.592638,736
b1fc907987989b31,https://ro.linkedin.com/jobs/view/cybersecurity-engineer-at-learnshift-4432398338,Cybersecurity Engineer,LearnShift,posted,2026-07-08T07:48:29.795996,738
0834ad0b57501c8d,https://ro.linkedin.com/jobs/view/business-system-analyst-risk-data-at-inetum-4435810390,Business System Analyst - Risk Data,,scraped,2026-07-08T07:48:32.514967,
d03a9d5faf15fc79,https://ro.linkedin.com/jobs/view/intern-software-development-qa-at-ascom-4435219176,Intern - Software Development & QA,,scraped,2026-07-08T07:48:45.842177,
edffa95850216434,https://ro.linkedin.com/jobs/view/senior-technical-sourcing-supply-chain-specialist-at-urbio-4432397137,Senior Technical Sourcing & Supply Chain Specialist,,scraped,2026-07-08T07:48:53.046330,
24eca2b59e828e50,https://ro.linkedin.com/jobs/view/senior-it-business-analyst-at-hcltech-4436599741,Senior IT Business Analyst,,scraped,2026-07-08T07:49:03.432131,
356fdaf13d78910c,https://ro.linkedin.com/jobs/view/group-chief-economist-based-in-luxembourg-at-european-investment-bank-eib-4428165142,Group Chief Economist - based in Luxembourg,,scraped,2026-07-08T07:49:12.449718,
9b47036f513a03bd,https://ro.linkedin.com/jobs/view/neurodiversity-internship-program-at-slb-4433701582,Neurodiversity Internship Program,SLB,posted,2026-07-08T07:49:27.853383,740
ccca48b8ec8da7e0,https://ro.linkedin.com/jobs/view/market-strategy-lead-ro-at-tbi-bank-4436588926,Market Strategy Lead RO,,scraped,2026-07-08T07:49:30.518460,
7ef69025df88f4cb,https://ro.linkedin.com/jobs/view/blockchain-engineer-%E2%80%94-ecosystem-research-business-exploration-at-jobgether-4435430393,Blockchain Engineer — Ecosystem Research & Business Exploration,,scraped,2026-07-08T07:49:39.934708,
2da9adaabdf59edc,https://ro.linkedin.com/jobs/view/sales-operations-analyst-with-english-at-capgemini-4436117798,Sales Operations Analyst with English,,scraped,2026-07-08T07:49:46.496478,
09a8925dc3fb8765,https://ro.linkedin.com/jobs/view/func%C8%9Bionar-administrativ-constanta-obor-f-m-at-undelucram-ro-4436883286,Funcționar Administrativ Constanta Obor (f/m),Undelucram.ro,posted,2026-07-08T07:50:08.516650,742
58066e7c7d5661c8,https://ro.linkedin.com/jobs/view/junior-sales-support-analyst-contractor-role-at-oracle-4437753507,Junior Sales Support Analyst (contractor role),Oracle,posted,2026-07-08T07:50:19.705434,744
325961958dbe58bf,https://ro.linkedin.com/jobs/view/fp-a-business-performance-analyst-at-undelucram-ro-4436879499,FP&A & Business Performance Analyst,Undelucram.ro,posted,2026-07-08T07:50:34.727560,746
13ac69ccf13fe376,https://ro.linkedin.com/jobs/view/supplier-quality-assurance-engineer-at-thyssenkrupp-4432388841,Supplier Quality Assurance Engineer,,scraped,2026-07-08T07:50:37.341489,
9977d5bd8c6066c5,https://ro.linkedin.com/jobs/view/analist-servicii-client-%E2%80%93-cluj-napoca-at-farmec-sa-4434593197,Analist Servicii Client – Cluj-Napoca,,scraped,2026-07-08T07:50:51.521075,
3de69241146a5dfe,https://ro.linkedin.com/jobs/view/team-leader-at-jobwell-romania-4437812594,Team Leader,Jobwell Romania,posted,2026-07-08T07:51:12.507947,748
4f4d04f3bcaf33ee,https://ro.linkedin.com/jobs/view/agent-vanzari-retail-bucuresti-at-undelucram-ro-4436271657,AGENT VANZARI RETAIL  Bucuresti,Undelucram.ro,posted,2026-07-08T07:51:29.597837,750
c8428a525c546f55,https://ro.linkedin.com/jobs/view/freelance-mobile-app-developer-ios-android-at-mindrift-4436716484,Freelance Mobile App Developer (iOS / Android),Mindrift,posted,2026-07-08T07:51:44.617450,752
2701dfd9f5f67ee5,https://ro.linkedin.com/jobs/view/spanish-teacher-avenor-college-at-guardian-jobs-4435423056,"Spanish Teacher, AVENOR COLLEGE",,scraped,2026-07-08T07:51:53.332420,
d5a72d5ff45b5a05,https://ro.linkedin.com/jobs/view/supply-planner-12-months-contract-at-undelucram-ro-4435016316,Supply Planner - 12 months contract,Undelucram.ro,posted,2026-07-08T07:52:12.503154,754
b6c55f9ba0125362,https://ro.linkedin.com/jobs/view/country-manager-romania-residential-energy-storage-systems-chinese-speaker-at-pt-talenta-eksekutif-asia-4435225284,Country Manager - Romania (Residential Energy Storage Systems) - Chinese Speaker,PT Talenta Eksekutif Asia,posted,2026-07-08T07:52:23.854123,132
4135d83885514555,https://ro.linkedin.com/jobs/view/real-estate-broker-at-global-home-romania-4432773460,Real Estate Broker,,scraped,2026-07-08T07:52:30.474565,
549de541f338a896,https://ro.linkedin.com/jobs/view/internship-operations-area-%40ing-bank-at-ing-romania-4436520202,Internship | Operations Area @ING Bank,,scraped,2026-07-08T07:52:43.619450,
f467b74e74b6720c,https://ro.linkedin.com/jobs/view/commercial-director-quick-commerce-romania-at-glovo-4417127127,"Commercial Director 'Quick Commerce' , Romania",,scraped,2026-07-08T07:52:51.163184,
1a911020d8599bea,https://ro.linkedin.com/jobs/view/tester-middle-at-worldline-4427053518,Tester - Middle,Worldline,posted,2026-07-08T07:53:11.154077,756
14b022df9d616692,https://ro.linkedin.com/jobs/view/medical-scientific-affairs-specialist-jr-at-b-braun-group-4390166437,Medical Scientific Affairs Specialist (Jr.),,scraped,2026-07-08T07:53:15.821613,
7e4214348dd52e68,https://ro.linkedin.com/jobs/view/application-operator-at-pwc-romania-4426952799,Application Operator,,scraped,2026-07-08T07:53:25.843012,
bacfc2ba76befb8f,https://ro.linkedin.com/jobs/view/process-validation-expert-at-novartis-rom%C3%A2nia-4434558211,Process Validation Expert,Novartis România,posted,2026-07-08T07:53:45.138060,758
2fea3ba8ff8e7b60,https://ro.linkedin.com/jobs/view/national-specification-manager-at-rockwool-group-4378000805,NATIONAL SPECIFICATION MANAGER,,scraped,2026-07-08T07:53:47.848078,
35361beab531468b,https://ro.linkedin.com/jobs/view/electrician-%C3%AEn-preg%C4%83tire-at-delgaz-grid-4435554544,Electrician în Pregătire,,scraped,2026-07-08T07:53:55.133217,
83b6b2ff8d945dc8,https://ro.linkedin.com/jobs/view/clinical-trials-vendor-management-specialist-at-psi-cro-4433911925,Clinical Trials Vendor Management Specialist,,scraped,2026-07-08T07:54:04.679402,
be7ecb54a647c5d7,https://ro.linkedin.com/jobs/view/brand-manager-at-opella-4437795509,Brand Manager,Opella,posted,2026-07-08T07:54:36.702539,760
00eab241a7ca7241,https://ro.linkedin.com/jobs/view/lucrator-comercial-vanzatoare-cu-experienta-horeca-aeur-gelaterie-at-hipo-ro-4436788163,"Lucrator comercial / Vanzatoare cu experienta HoReCa aEUR"" Gelaterie",,scraped,2026-07-08T07:54:39.360875,
a1ae9f27d1511646,https://ro.linkedin.com/jobs/view/zoho-automation-engineer-at-huzzle-com-4436485756,Zoho Automation Engineer,,scraped,2026-07-08T07:54:48.945917,
c01f7f019a33fb2e,https://ro.linkedin.com/jobs/view/%E3%83%95%E3%82%A3%E3%83%BC%E3%83%AB%E3%83%89%E3%82%BB%E3%83%BC%E3%83%AB%E3%82%B9%EF%BC%88%E5%8B%A4%E5%8B%99%E5%9C%B0%EF%BC%9A%E6%9D%B1%E4%BA%AC%EF%BC%89-at-doctor-net-inc-4433159804,フィールドセールス（勤務地：東京）,,scraped,2026-07-08T07:54:56.256441,
a01c7007bc01e2c1,https://ro.linkedin.com/jobs/view/business-developer-energie-infrastructura-at-e-infra-4437156184,Business Developer Energie & Infrastructura,,scraped,2026-07-08T07:55:03.421641,
c339d67196c424a8,https://ro.linkedin.com/jobs/view/%C2%A0hr-operations-generalist%C2%A0-at-cpm-partners-4437735960,HR Operations Generalist,,scraped,2026-07-08T07:55:11.739061,
a849a8a387a4fd17,https://ro.linkedin.com/jobs/view/delivery-manager-at-advisority-4437774526,Delivery Manager,,scraped,2026-07-08T07:55:23.345180,
2c42b306080f2755,https://ro.linkedin.com/jobs/view/help-desk-specialist-at-revelsi-4437157295,Help Desk Specialist,RevelSI,posted,2026-07-08T07:55:39.570986,762
07071e423da1a14f,https://ro.linkedin.com/jobs/view/%D0%B0%D0%B4%D0%BC%D1%96%D0%BD%D1%96%D1%81%D1%82%D1%80%D0%B0%D1%82%D0%BE%D1%80-at-%D0%B1%D0%BB%D0%B8%D0%B7%D0%B5%D0%BD%D1%8C%D0%BA%D0%BE-4438150886,Адміністратор,Близенько,failed|wp_post_failed,2026-07-08T07:55:51.756298,
b746b287e70d3a34,https://ro.linkedin.com/jobs/view/spine-animator-at-jobgether-4436225357,Spine Animator,,scraped,2026-07-08T07:55:56.401188,
335fc70d2625d247,https://ro.linkedin.com/jobs/view/experienced-legal-counsel-or-lawyer-for-ro-and-bg-at-undelucram-ro-4436888114,Experienced Legal Counsel or Lawyer for RO and BG,Undelucram.ro,posted,2026-07-08T07:56:19.108972,764
e498896540cbc27f,https://ro.linkedin.com/jobs/view/sr-analyst-commercial-they-she-he-at-glovo-4415672072,Sr Analyst Commercial (They/She/He),,scraped,2026-07-08T07:56:23.843313,
8a567716a43c3874,https://ro.linkedin.com/jobs/view/accountant-accounts-payable-at-temenos-4428130419,Accountant - Accounts Payable,,scraped,2026-07-08T07:56:32.653796,
fe3e5ca71c867e23,https://ro.linkedin.com/jobs/view/tiktok-product-quality-assurance-analyst-spanish-speaking-third-party-associate-at-tiktok-4436264529,TikTok Product Quality Assurance Analyst - Spanish Speaking (Third-Party Associate),TikTok,posted,2026-07-08T07:56:50.545750,766
f66e261f56288b7d,https://ro.linkedin.com/jobs/view/project-manager-at-rcg-consulting-group-4434807766,Project Manager,,scraped,2026-07-08T07:56:57.192520,
5f929febba3bba81,https://ro.linkedin.com/jobs/view/mortgage-underwriter-freelance-ai-trainer-at-mindrift-4432364469,Mortgage Underwriter - Freelance AI Trainer,Mindrift,posted,2026-07-08T07:57:14.904881,768
0e4ada57ea30684b,https://ro.linkedin.com/jobs/view/product-marketing-manager-remote-at-iubenda-4437778645,Product Marketing Manager (Remote),,scraped,2026-07-08T07:57:17.699471,
7116d89cc11d3828,https://ro.linkedin.com/jobs/view/specialist-reporting-network-service-at-the-goodyear-tire-rubber-company-4426288945,"Specialist, Reporting Network & Service",The Goodyear Tire &amp; Rubber Company,posted,2026-07-08T07:57:35.681620,770
18778ef553665213,https://ro.linkedin.com/jobs/view/financial-planning-analyst-ref-hvtux-at-rsight%C2%AE-4436736733,Financial Planning Analyst (Ref:hvtuX),,scraped,2026-07-08T07:57:38.373561,
aa268f27333e28b3,https://ro.linkedin.com/jobs/view/senior-react-react-native-engineer-at-trading-212-4436352219,Senior React/React Native Engineer,Trading 212,posted,2026-07-08T07:57:56.653096,772
dd67cd62f95354f3,https://ro.linkedin.com/jobs/view/consilier-juridic-at-north-bucharest-investments-4433954473,Consilier Juridic,,scraped,2026-07-08T07:57:59.297472,
2b977c4c716a3656,https://ro.linkedin.com/jobs/view/student-intern-at-slb-4434594498,Student Intern,SLB,posted,2026-07-08T07:58:17.636224,774
6e9a220268455696,https://ro.linkedin.com/jobs/view/ai-genai-solution-architect-at-undelucram-ro-4435280957,AI/GenAI Solution Architect,Undelucram.ro,posted,2026-07-08T07:58:33.509535,776
3ebae4bf9cf0bf99,https://ro.linkedin.com/jobs/view/inginer-proiectant-drumuri-at-hipo-ro-4435866081,Inginer Proiectant Drumuri,,scraped,2026-07-08T07:58:42.155178,
9ab4c2703209d771,https://ro.linkedin.com/jobs/view/information-technology-specialist-at-teceze-4434613883,Information Technology Specialist,TECEZE,posted,2026-07-08T07:59:00.824066,778
6fadccb971b6c9a7,https://ro.linkedin.com/jobs/view/director-q-commerce-brands-ads-romania-at-glovo-4415657992,"Director Q-Commerce & Brands Ads, Romania",,scraped,2026-07-08T07:59:03.629997,
6caa5e47286b6140,https://ro.linkedin.com/jobs/view/sales-assistant-at-mango-4436203118,Sales Assistant,,scraped,2026-07-08T07:59:12.358605,
920618425dda2b2f,https://ro.linkedin.com/jobs/view/farmacist-dr-max-sector-6-at-undelucram-ro-4435714325,"Farmacist Dr. Max, Sector 6",Undelucram.ro,posted,2026-07-08T07:59:30.449048,780
a41504917295ce30,https://ro.linkedin.com/jobs/view/ofiter-control-intern-si-antifrauda-at-icredit-romania-4433935139,Ofiter control intern si antifrauda,,scraped,2026-07-08T07:59:33.112449,
a30f25ab59304a64,https://ro.linkedin.com/jobs/view/cloud-network-engineer-at-paymentology-4437795748,Cloud Network Engineer,,scraped,2026-07-08T07:59:42.339092,
7258dd3c3e816307,https://ro.linkedin.com/jobs/view/senior-hr-business-partner-at-arrise-4435471421,Senior HR Business Partner,,scraped,2026-07-08T07:59:49.737474,
268de49837748115,https://ro.linkedin.com/jobs/view/international-category-buyer-with-spanish-%40veo-constanta-at-veo-worldwide-services-4436483882,International Category Buyer with Spanish @VEO Constanta,,scraped,2026-07-08T07:59:57.033483,
807e16feaf9b83da,https://ro.linkedin.com/jobs/view/data-privacy-specialist-senior-associate-f-m-d-at-mhp-%E2%80%93-a-porsche-company-4417094057,Data Privacy Specialist - Senior Associate (f/m/d),,scraped,2026-07-08T08:00:04.526049,
0dc9de5505916c23,https://ro.linkedin.com/jobs/view/financial-controller-ploiesti-romania-at-mainfreight-europe-4388222834,Financial Controller Ploiesti/Romania,,scraped,2026-07-08T08:00:13.851205,
1e8d6229c96b6b22,https://ro.linkedin.com/jobs/view/production-team-leader-at-schaeffler-4437746424,Production Team Leader,Schaeffler,posted,2026-07-08T08:00:33.555523,782
b45fdc0ab0735007,https://ro.linkedin.com/jobs/view/citrix-cloud-application-packager-at-expleo-group-4405988752,Citrix Cloud Application Packager,,scraped,2026-07-08T08:00:36.264916,
d8474b5e11edf940,https://ro.linkedin.com/jobs/view/business-process-analyst-at-super-4418249559,Business Process Analyst,,scraped,2026-07-08T08:00:50.549496,
96631726cf49da09,https://ro.linkedin.com/jobs/view/asistent-manager-cu-limb%C4%83-german%C4%83-f-m-at-undelucram-ro-4435027070,Asistent Manager cu limbă germană (f/m),Undelucram.ro,posted,2026-07-08T08:01:19.480902,784
7c01dc493d86534a,https://ro.linkedin.com/jobs/view/assistant-financial-controller-at-axon-4427188866,Assistant Financial Controller,Axon,posted,2026-07-08T08:01:32.049131,786
76412e651bd903b0,https://ro.linkedin.com/jobs/view/program-manager-at-cubic-digital-intelligence-4438129418,Program Manager,Cubic Digital Intelligence,posted,2026-07-08T08:01:44.288321,788
1cd5529b1254acf4,https://ro.linkedin.com/jobs/view/artificial-intelligence-co-founder-cmo-100-%25-remote-m-f-d-at-ewor-4435488032,Artificial Intelligence Co-Founder / CMO (100 % remote) (m/f/d),,scraped,2026-07-08T08:01:53.055572,
7d0cb09927425db2,https://ro.linkedin.com/jobs/view/sales-account-manager-at-adecco-4436725871,Sales Account Manager,,scraped,2026-07-08T08:02:00.205715,
eb5a0a9415c2e967,https://ro.linkedin.com/jobs/view/service-engineer-at-neusoft-medical-4435444039,Service Engineer,,scraped,2026-07-08T08:02:11.038102,
18fd507968b58893,https://ro.linkedin.com/jobs/view/senior-accountant-at-varta-ag-4433914698,Senior Accountant,,scraped,2026-07-08T08:02:21.103768,
0b776fa9f511bf74,https://ro.linkedin.com/jobs/view/health-safety-facilities-manager-at-edenred-digital-center-bucharest-4437158164,"Health, Safety & Facilities Manager",,scraped,2026-07-08T08:02:29.407983,
07f10201855aaba7,https://ro.linkedin.com/jobs/view/specialist-analiza-piese-retur-oem-warranty-analyst-bilstein-at-hipo-ro-4436779628,Specialist Analiza Piese Retur OEM / Warranty Analyst - Bilstein,,scraped,2026-07-08T08:02:39.149214,
264a573f629ac2a7,https://ro.linkedin.com/jobs/view/project-manager-at-ppc-romania-4436202288,Project Manager,,scraped,2026-07-08T08:02:48.814924,
d0255d0df2e66514,https://ro.linkedin.com/jobs/view/junior-analist-financiar-cu-francez%C4%83-at-expand-concept-4433932160,Junior Analist Financiar cu Franceză,,scraped,2026-07-08T08:02:56.414194,
173cbb5a9dd6f19a,https://ro.linkedin.com/jobs/view/contabil-sef-in-domeniul-constructiilor-at-aduro-4433913906,Contabil Sef in Domeniul Constructiilor,,scraped,2026-07-08T08:03:07.939382,
bb9237c3c1627ae7,https://ro.linkedin.com/jobs/view/scada-engineer-at-e-infra-4435811204,SCADA Engineer,,scraped,2026-07-08T08:03:15.069949,
26f3a38204410b38,https://ro.linkedin.com/jobs/view/asistent-vanzari-targu-mures-at-undelucram-ro-4436883284,Asistent vanzari Targu Mures,Undelucram.ro,posted,2026-07-08T08:03:38.459417,790
77ded4d7350105ac,https://ro.linkedin.com/jobs/view/vice-president-organization-effectiveness-and-workforce-strategy-at-autodesk-4427231425,"Vice President, Organization Effectiveness and Workforce Strategy",Autodesk,posted,2026-07-08T08:03:51.910158,792
7a4877b6b390582d,https://ro.linkedin.com/jobs/view/group-credit-controller-at-revolut-4436245266,Group Credit Controller,,scraped,2026-07-08T08:03:58.560811,
67250e2954ec1dc0,https://ro.linkedin.com/jobs/view/senior-embedded-linux-os-engineer-at-nabu-casa-4437793879,Senior Embedded Linux OS Engineer,Nabu Casa,posted,2026-07-08T08:04:28.916397,794
a84baf58fe70f125,https://ro.linkedin.com/jobs/view/quality-analist-cable-assembly-at-harting-technology-group-4432643773,Quality Analist (cable assembly),HARTING Technology Group,posted,2026-07-08T08:05:18.918010,796
37158938c47b3f3d,https://ro.linkedin.com/jobs/view/manager-vodafone-retail-cluj-napoca-at-vodafone-4436497948,"Manager, Vodafone Retail- Cluj Napoca",,scraped,2026-07-08T08:05:23.682994,
ccce248567abda3a,https://ro.linkedin.com/jobs/view/architects-relationship-manager-at-isomat-romania-4437778517,Architects Relationship Manager,,scraped,2026-07-08T08:05:30.913392,
0027e67d1bc71fd1,https://ro.linkedin.com/jobs/view/medical-representative-at-opella-4428836902,Medical Representative,Opella,posted,2026-07-08T08:05:48.677991,798
